event_id,date,region,locality,protesters,apprehended,repertoire,repertoire2,duration,pol,econ,social,cultur,legal,environ,civic,civic_plus,suppression,prev_rep,partyorg,partyorgname,otherpartyname,organiser_other,link,linked_entry
6,1/27/2017,Moscow city,Moscow city,,,4,,,1,,,,,,,,,1,,,,private citizen,http://namarsh.ru/materials/588B406F03DD2.html,
24,2/15/2017,Perm Krai,Perm,,,1,,,1,,,,,,,,,1,,,,,http://namarsh.ru/materials/58A446DE95989.html,
27,3/3/2017,Tomsk,Tomsk,600,0,5,,,,1,,,,,,,0,1,,,,"workers of ""Tomsk's autotrasport union""",http://namarsh.ru/materials/58AC3E704740E.html,
28,2/22/2017,Moscow city,Moscow city,,,,,,,,,,,,,,,1,,,,,http://namarsh.ru/materials/58AD572CC46E3.html,
29,2/26/2017,Kemerovo,Kemerovo,,,2,,,1,,,,,,,,,1,,,,activists,http://namarsh.ru/materials/58B2A21A96C5E.html,
34,2/26/2017,Kirov,Kirov,30,0,1,,,1,,,,,,,,0,1,1,Parnass,,Open Russia,http://namarsh.ru/materials/58B3DB3223317.html,
38,3/19/2017,Leningrad,St Petersburg,,,,,,,,,1,,,,,,1,1,Yabloko,Party of Growth; PARNASS,,http://namarsh.ru/materials/58BE9C90620B9.html,
44,3/26/2017,Moscow city,Moscow city,,,1,,,1,,,,,,,,,1,,,,,http://namarsh.ru/materials/58CF6A2DCF2FD.html,
50,3/27/2017,Sverdlovsk,Ekaterinburg,,,2,,,,1,,,,,,,,1,,,,lorry drivers,http://namarsh.ru/materials/58D10C460B44A.html,
51,3/26/2017,Penza,Penza,,,1,,,1,,,,,,,,,1,,,,"Navalny and ""New time generation""",http://namarsh.ru/materials/58D23A160F829.html,
54,3/26/2017,Tyumen,Tyumen,1000,0,1,,,1,,,,,,,,0,1,,,,"Navalny's ""Fight Against Corruption Fund""",http://namarsh.ru/materials/58D7C1DD34D23.html,
55,3/26/2017,Moscow city,Moscow city,9000,800,1,,,1,,,,,,,,1,1,,,,"Navalny's ""Fight Against Corruption Fund""",http://namarsh.ru/materials/58D7D2372BF6C.html,
56,3/26/2017,Leningrad,St Peterburg,7000,50,1,,,1,,,,,,,,1,1,,,,"Navalny's ""Fight Against Corruption Fund""",http://namarsh.ru/materials/58D7DC452C168.html,
58,3/26/2017,Tombov,Tombov,200,10,1,,,1,,,,,,,,1,1,,,,"Navalny's ""Fight Against Corruption Fund""",http://namarsh.ru/materials/58D7EBA4F08FD.html,
60,3/26/2017,Saratov,Saratov,3000,2,1,,,1,,,,,,,,1,1,,,,"Navalny's ""Fight Against Corruption Fund""",http://namarsh.ru/materials/58D8A6C08274E.html,
62,3/26/2017,Mordovia,Saransk,220,3,1,,,1,,,,,,,,1,1,,,,"Navalny's ""Fight Against Corruption Fund""",http://namarsh.ru/materials/58D8C1D157920.html,
63,3/26/2017,Kirov,Kirov,750,0,1,,,1,,,,,,,,0,1,1,Parnass Party,,"""initiative public group"", ""Open Russia",http://namarsh.ru/materials/58D8CA1B6B904.html,
64,3/26/2017,Chelyabinsk,Chelyabinsk,4000,13,1,,,1,,,,,,,,1,1,,,,"Navalny's ""Fight Against Corruption Fund""",http://namarsh.ru/materials/58D8CEDF2BBC1.html,
65,3/26/2017,Krasnodar Krai,Krasnodar,,200,1,,,1,,,,,,,,,1,,,,"Navalny's ""Fight Against Corruption Fund""",http://namarsh.ru/materials/58D8CFA1AF6B1.html,
68,3/26/2017,Samara,Samara,1500,20,1,,,1,,,,,,,,1,1,,,,"Navalny's ""Fight Against Corruption Fund""",http://namarsh.ru/materials/58D922E561BA5.html,
69,3/26/2017,Samara,Tolyatti,1500,4,1,,,1,,,,,,,,1,1,,,,"Navalny's ""Fight Against Corruption Fund""",http://namarsh.ru/materials/58D922E561BA5.html,
70,3/28/2017,Krasnodarsky Krai,Tikhoretsk,,4,2,,,1,,,,,,,,1,1,,,,Farmers,http://namarsh.ru/materials/58DA5A0D6DB37.html,
71,3/27/2017,Tula,Tula,,4,2,,,,1,,,,,,,1,1,,,,Lorry drivers,http://namarsh.ru/materials/58DA7361B738B.html,
72,3/27/2017,Leningrad,St Peterburg,,1,2,,,,1,,,,,,,1,1,,,,Lorry drivers,http://namarsh.ru/materials/58DA8C1677489.html,
75,4/2/2017,Krasnodarsky Krai,Sochi,12,12,4,,,1,,,,,,,,1,1,,,,activist,http://namarsh.ru/materials/58E1EC20162B1.html,
78,4/2/2017,Kirov,Kirov,30,0,1,,,1,,,,,,,,0,1,1,Parnass Party,,Open Russia,http://namarsh.ru/materials/58E21BD499C7E.html,
79,4/4/2017,Krasnoyarsky Krai,Krasnoyarsk,,0,2,,,,1,,,,,,,0,1,,,,Lorry drivers,http://namarsh.ru/materials/58E387247633C.html,
81,4/5/2017,Tyumen,Tyumen,80,,3,,,,1,,,,,,,0,1,,,,Lorry drivers,http://namarsh.ru/materials/58E47CC46DEB2.html,
85,4/8/2017,Kirov,Kirov,53,,4,,,1,,,,,,,,,1,,,,Open Russia,http://namarsh.ru/materials/58E78F971627F.html,
89,4/8/2017,Kirov,Kirov,1,0,1,,,1,,,,,,,,0,1,,,,Open Russia,http://namarsh.ru/materials/58EB642428271.html,
100,3/26/2017,Tatarstan,Kazan,1500,8,1,,,1,,,,,,,,1,1,,,,"Navalny's ""Fight Against Corruption Fund""",http://namarsh.ru/materials/58F619487AFDB.html,
103,5/1/2017,Leningrad,St Peterburg,,,2,,,1,,,,,,,,,1,1,Yabloko,"Parnass, Growth Party, Just Russia",,http://namarsh.ru/materials/58F8B4B0C5CFE.html,
104,4/21/2017,Sverdlovsk,Verkhoturye,,,1,,,,,1,,,,,,,1,,,,MPs,http://namarsh.ru/materials/58F9E390DBDCB.html,
106,4/23/2017,Samara,Samara,400,1,2,,,1,,,,,,,,,1,1,KPRF,,,http://namarsh.ru/materials/58FCC46195610.html,
111,4/19/2017,Moscow city,Moscow city,1,1,4,,,,,1,,,,,,1,1,,,,pensioner,http://namarsh.ru/materials/5901D93DC5507.html,
112,4/27/2017,Bashkortostan,Ufa,,,,,,,,,,,,,,,1,,,,,http://namarsh.ru/materials/59020CA15AC44.html,
113,4/26/2017,Tatarstan,Kazan,,2,1,,,1,,,,,,,,,1,,,,activists,http://namarsh.ru/materials/5902295F0EF76.html,
114,4/27/2017,Moscow city,Moscow city,10,0,4,,,,,1,,,,,,0,1,,,,teachers,http://namarsh.ru/materials/59022FA290FAC.html,
115,4/29/2017,Novosibirsk,Novosibirsk,300,0,4,,,1,,,,,,,,0,1,,,,Open Russia,http://namarsh.ru/materials/59048B1E714DE.html,
116,4/29/2017,Penza,Penza,,,4,,,1,,,,,,,,,1,,,,acivists,http://namarsh.ru/materials/590595DF11A56.html,
124,5/10/2017,Penza,Penza,,,4,,,1,,,,,,,,,1,,,,private citizens,http://namarsh.ru/materials/5912C7612CB6B.html,
125,5/12/2017,Moscow city,Moscow city,6,6,1,,,,1,,,,,,,1,1,,,,,http://namarsh.ru/materials/5915ABD9E8FBC.html,
126,5/14/2017,Tatarstan,Kazan,,5,4,,,1,,,,,,,,1,1,,,,Navalny supporters,http://namarsh.ru/materials/59183C2F4D88C.html,
128,5/17/2017,Leningrad,St Petersburg,,,1,,,,,1,,,,,,,1,,,,LGBT activists,http://namarsh.ru/materials/591AAF7B158E1.html,
133,5/18/2017,Crimea,Simferopol,,19,1,,,1,,,,,,,,,1,,,,Crimean Tatars,http://namarsh.ru/materials/591DB0A668489.html,
135,5/21/2017,Moscow city,Khimki,10,10,1,,,,1,,,,,,,1,1,,,,Lorry drivers,http://namarsh.ru/materials/5921A4E84AC09.html,
138,5/24/2017,Moscow city,Moscow city,22,22,1,,,,1,,,,,,,1,1,,,,Lorry drivers,http://namarsh.ru/materials/5926BCB87A0BF.html,
143,6/12/2017,Sverdlovsk,Nizhny Tagil,,,1,,,1,,,,,,,,,1,,,,activists,http://namarsh.ru/materials/59300ECFE8784.html,
145,6/12/2017,Arkhangalsk,Arkhangelsk,,,1,,,1,,,,,,,,,1,,,,,http://namarsh.ru/materials/5933E8C461339.html,
147,6/12/2017,Chelyabinsk,Chelyabinsk,,,2,,,1,,,,,,,,,1,,,,Navalny supporters,http://namarsh.ru/materials/59369CDAEFCBD.html,
150,6/7/2017,Moscow city,Moscow city,,,,,,,,,,,,,,,1,,,,,http://namarsh.ru/materials/59381F8D0BA1F.html,
154,6/12/2017,Zabaikalsky Krai,Chita,150,0,1,,,1,,,,,,,,0,1,,,,activists,http://namarsh.ru/materials/593FA528D57F7.html,
159,6/12/2017,Sakha Republic,Yakutsk,300,0,1,,,1,,,,,,,,0,1,,,,"""United Force"" organisation",http://namarsh.ru/materials/593FC2B62C818.html,
160,6/14/2017,Moscow city,Moscow city,,11,1,,,,,1,,,,,,1,1,1,Yabloko,,activists,http://namarsh.ru/materials/5940F1EFC7AFB.html,
161,6/11/2017,Chelyabinsk,Tomino,,,8,,,,,,,,,,1,1,1,,,,enviromental activists,http://namarsh.ru/materials/59411EC4ADE77.html,
167,6/12/2017,Mordovia Republic,Komsomolsky,,,2,,,1,,,,,,,,,1,,,,activist Anatoly Bolyaev,http://namarsh.ru/materials/594B7DC564852.html,
168,6/23/2017,Moscow city,Moscow city,6,6,1,,,,,1,,,,,,1,1,,,,activists,http://namarsh.ru/materials/594D598D2DD4D.html,
177,7/7/2017,Leningrad,St Petersburg,10,,4,,,1,,,,,,,,,1,,,,Navalny's volunteers,http://namarsh.ru/materials/595F7E6BBA01A.html,
181,7/9/2017,Moscow city,Moscow city,,,,,,,,,,,,,,,1,,,,,http://namarsh.ru/materials/59623C51DD3C7.html,
182,7/12/2017,Penza,Penza,20,0,4,,,,,,,,,,1,0,1,,,,"""New Time Generation"" movement and nationalists",http://namarsh.ru/materials/5965EAD3DFD84.html,
183,7/9/2017,Novosibirsk,Novosibirsk,100,0,1,,,1,,,,,,,,0,1,,,,activists,http://namarsh.ru/materials/5965F6AC15608.html,
185,7/15/2017,Krasnodarsky Krai,Gelendzhik,,5,7,,,,,1,,,,,,1,1,,,,private citizens,http://namarsh.ru/materials/596B1848AA420.html,
201,8/9/2017,Kirov,Kirov,1,0,4,,,1,,,,,,,,0,1,,,,Open Russia coordinator,http://namarsh.ru/materials/598B1C6ABF636.html,
212,8/31/2017,Penza,Penza,,0,4,,,1,,,,,,,,0,1,,,,"""New Time Generation"" movement ",http://namarsh.ru/materials/59A91A5FC7F01.html,
213,8/31/2017,Sverdlovsk,Ekaterinburg,1,1,4,,,,,,1,,,,,1,1,,,,activist,http://namarsh.ru/materials/59A96375AA81C.html,
220,9/17/2017,Chelyabinsk,Chelyabinsk,1000,,1,,,,,,,,,,1,,1,,,,activists,http://namarsh.ru/materials/59BA5A69CA8AD.html,
229,10/3/2017,Novosibirsk,Novosibirsk,,,1,,,,,,,,,,1,,1,,,,private citizens,http://namarsh.ru/materials/59CA4340A8337.html,
230,9/15/2017,Samara,Samara,,,1,,,1,,,,,,,,,1,,,,Navalny's campaign headquarters,http://namarsh.ru/materials/59CAA027A342B.html,
231,9/27/2017,Republic of Mordovia,Saransk,,0,4,,,1,,,,,,,,0,1,,,,activists,http://namarsh.ru/materials/59CB56F7640E3.html,
232,9/23/2017,Murmansk,Murmansk,,,4,,,1,,,,,,,,1,1,,,,Navalny's volunteers,http://namarsh.ru/materials/59CBDC165C499.html,
234,10/7/2017,Moscow city,Moscow city,,,1,,,1,,,,,,,,,1,,,,Navalny's Fight against Corruption Fund,http://namarsh.ru/materials/59D4D70160E73.html,
237,10/7/2017,Krasnodarsky Krai,Krasnodar,,,,,,,,,,,,,,,1,,,,,http://namarsh.ru/materials/59D883C20C231.html,
238,10/7/2017,Samara,Samara,,5,1,,,1,,,,,,,,1,1,,,,Navalny's supporters,http://namarsh.ru/materials/59D89E384F555.html,
239,10/7/2017,Sakha Republic,Yakutsk,,6,1,,,1,,,,,,,,1,1,,,,Navalny's supporters,http://namarsh.ru/materials/59D89E384F555.html,
240,10/7/2017,Udmurtia,Izhevsk,,8,1,,,1,,,,,,,,1,1,,,,Navalny's supporters,http://namarsh.ru/materials/59D89E384F555.html,
241,10/7/2017,Moscow city,Moscow city,300,,1,,,1,,,,,,,,0,1,,,,Navalny's supporters,http://namarsh.ru/materials/59D8B6CD6F440.html,
242,10/7/2017,Sverdlovsk,Ekaterinburg,,24,1,,,1,,,,,,,,1,1,,,,Navalny's supporters,http://namarsh.ru/materials/59D8BF5AE05E5.html,
243,10/7/2017,Leningrad,St Petersburg,,66,1,,,1,,,,,,,,1,1,,,,Navalny's supporters,http://namarsh.ru/materials/59D8CB4BDF3A9.html,
244,10/7/2017,Yaroslavl,Yaroslavl,,54,1,,,1,,,,,,,,1,1,,,,Navalny's supporters,http://namarsh.ru/materials/59D8CB4BDF3A9.html,
245,10/7/2017,Lipetsk,Lipetsk,,20,1,,,1,,,,,,,,1,1,,,,Navalny's supporters,http://namarsh.ru/materials/59D8CB4BDF3A9.html,
246,10/7/2017,Tula,Tula,,12,1,,,1,,,,,,,,1,1,,,,Navalny's supporters,http://namarsh.ru/materials/59D8CB4BDF3A9.html,
247,10/7/2017,Sverdlovsk,Nizhny Tagil,,6,1,,,1,,,,,,,,1,1,,,,Navalny's supporters,http://namarsh.ru/materials/59D8CB4BDF3A9.html,
249,10/8/2017,Leningrad,St Petersburg,30,14,1,,,1,,,,,,,,1,1,,,,Navalny's supporters,http://namarsh.ru/materials/59DB0FE65308E.html,
250,10/7/2017,Republic of Mordovia,Saransk,70,,1,,,1,,,,,,,,0,1,,,,Navalny's supporters,http://namarsh.ru/materials/59DB252EC7CE6.html,
252,10/7/2017,Kirov,Kirov,,0,4,,,1,,,,,,,,0,1,,,,activists,http://namarsh.ru/materials/59DB3E78DE708.html,
257,10/14/2017,Crimea,Crimea,100,49,4,,,1,,,,,,,,0,1,,,,Crimean Tatars,http://namarsh.ru/materials/59E30D3081BF9.html,
262,10/29/2017,Samara,Samara,,,1,,,1,,,,,,,,,1,,,,private citizens,http://namarsh.ru/materials/59EDA2BE7665F.html,
267,11/6/2017,Leningrad,St Petersburg,23,23,1,,,1,,,,,,,,1,1,1,Different Russia Party,,communists,http://namarsh.ru/materials/5A0153E724244.html,
273,11/4/2017,Republic of Mordovia,Saransk,,,1,,,,,,1,,,,,,1,,,,private citizens,http://namarsh.ru/materials/5A0589D43CEE7.html,
276,10/7/2017,Voronezh,Voronezh,2,2,4,,,1,,,,,,,,0,1,,,,activists,http://namarsh.ru/materials/5A0C125090E65.html,
279,10/7/2017,Chelyabinsk,Chelyabinsk,300,0,4,,,1,,,,,,,,0,1,,,,activists,http://namarsh.ru/materials/5A1410C063DD4.html,
281,11/24/2017,Chelyabinsk,Chelyabinsk,,,,,,,,,,,,,,,1,,,,,http://namarsh.ru/materials/5A18182738602.html,
282,11/24/2017,Perm Krai,Perm,2800,0,1,,,1,,,,,,,,0,1,,,,Navalny's supporters,http://namarsh.ru/materials/5A186B1677846.html,
286,11/29/2017,Penza,Penza,3,0,4,,,1,,,,,,,,0,1,,,,Open Russia,http://namarsh.ru/materials/5A1EADC6CA647.html,
288,12/1/2017,Saratov,Saratov,,,1,,,1,,,,,,,,,1,,,,Navalny's campaign headquarters,http://namarsh.ru/materials/5A2107C7263D0.html,
289,12/3/2017,Samara,Samara,,,1,,,1,,,,,,,,,1,,,,Navalny's campaign headquarters,http://namarsh.ru/materials/5A23B7E513FE4.html,
290,12/5/2017,Rostov,Gukovo,98,,4,,,,1,,,,,,,,1,,,,miners,http://namarsh.ru/materials/5A23F94093F48.html,
300,12/20/2017,Leningrad,St Petersburg,,,4,,,1,,,,,,,,,1,,,,activists,http://namarsh.ru/materials/5A3257219C3D3.html,
301,12/24/2017,Moscow city,Moscow city,,,1,,,1,,,,,,,,,1,,,,,http://namarsh.ru/materials/5A328D384D213.html,
306,12/23/2017,Moscow city,Moscow city,150,1,1,,,,,,,1,,,,0,1,1,Yabloko,,,http://namarsh.ru/materials/5A3E55FD84247.html,
311,12/25/2017,Moscow city,Moscow city,10,,4,,,,,1,,,,,,1,1,,,,students ,http://namarsh.ru/materials/5A45EEEB81ADD.html,
316,1/21/2018,Penza,Penza,,,1,,,,,1,,,,,,,1,,,,Left Front,http://namarsh.ru/materials/5A5DB2E3238FD.html,
318,1/27/2018,Samara,Samara,,,1,,,,,1,,,,,,,1,,,,,http://namarsh.ru/materials/5A659D3FDA052.html,http://namarsh.ru/materials/5A6EDF351A37C.html
323,1/28/2018,Moscow City,Moscow,,,1,,,1,,,,,,,,,1,,,,,http://namarsh.ru/materials/5A6A2288AD95B.html,"http://www.namarsh.ru/materials/5BAA3C93E63C6.html, Navalny supporters, 'Voters' Strike'"
330,1/28/2018,Samara,Samara,800,2,1,,,1,,,,,,,,,1,,,,"students, 'All-Russian Vote Strike'",http://namarsh.ru/materials/5A6EDF351A37C.html,
335,2/10/2018,Moscow City,Moscow,,,1,,,1,,,,,,,,,1,,,,,http://www.namarsh.ru/materials/5A71A5EEC70D5.html,
337,2/4/2018,St Petersburg,St Petersburg,,,1,,,,,1,,,,,,,1,,,,,http://www.namarsh.ru/materials/5A740EE6360A7.html,
339,2/6/2018,Penza,Penza,,,1,,,1,,,,,,,,,1,1,Left Front,,,http://www.namarsh.ru/materials/5A7818245B101.html,
340,2/7/2018,Penza,Penza,,,1,,,1,,,,,,,,,1,1,Left Front,,,http://www.namarsh.ru/materials/5A7818245B101.html,
341,2/8/2018,Penza,Penza,,,1,,,1,,,,,,,,,1,1,Left Front,,,http://www.namarsh.ru/materials/5A7818245B101.html,
383,4/8/2018,Sverdlovsk,Kachkanor,,,1,,,,1,,,,,,,,1,,,,,http://www.namarsh.ru/materials/5AC48CFDEFAEE.html,
401,5/5/2018,Moscow City,Moscow,,,1,,,1,,,,,,,,,1,,,,Navalny,http://www.namarsh.ru/materials/5ADF52904DF1D.html,
402,5/5/2018,Moscow City,Moscow,,,1,,,1,,,,,,,,,1,,,,Navalny,http://www.namarsh.ru/materials/5AE57C5A647A6.html,
462,5/5/2018,Moscow City,Moscow,,1,1,,,1,,,,,,,,,1,,,,,http://www.namarsh.ru/materials/5AF82CF1509D1.html,http://www.namarsh.ru/materials/5AF84BE085A50.html
488,7/1/2018,Novosibirsk,Novosibirsk,,,1,,,,,1,,,,,,,1,,,,,http://www.namarsh.ru/materials/5B2CF5CAF160E.html,
490,7/7/2018,Samara,Samara,,,1,,,,,1,,,,,,,1,,,,Civil Initiative,http://www.namarsh.ru/materials/5B32106B2C4FB.html,
491,7/4/2018,Moscow City,Moscow,,,1,,,,,1,,,,,,,1,1,Left Front,,,http://www.namarsh.ru/materials/5B33812DEBD77.html,http://www.namarsh.ru/materials/5B3CBFE4A97A4.html
510,7/4/2018,Moscow,Moscow,200,,1,,,,,1,,,,,,,1,,,"Left Front, Communist Party, Yabloko, OKP, RRP","Moscow City Council, Civil Solidarity",http://www.namarsh.ru/materials/5B3CBFE4A97A4.html,http://www.namarsh.ru/materials/5B33812DEBD77.html
513,7/18/2018,Moscow City,Moscow,,,1,,,,,1,,,,,,,1,,,,Confederation of Labour or Russia,http://www.namarsh.ru/materials/5B3F89C65320A.html,http://www.namarsh.ru/materials/5B4F84FD0E3DE.html
515,7/22/2018,Moscow City,Moscow,,,1,,,1,,,,,,,,,1,1,Libertarian Party,,,http://www.namarsh.ru/materials/5B436B49845C7.html,
516,7/12/2018,Sverdlovsk ,Yekaterinburg,,,1,,,,,1,,,,,,,1,1,Left Front,,,http://www.namarsh.ru/materials/5B470B6456F95.html,
517,7/18/2018,Novosibirsk,Novosibirsk ,,,1,,,,,1,,,,,,,1,,,,,http://www.namarsh.ru/materials/5B48BB7DBBD31.html,http://www.namarsh.ru/materials/5B503AF6336C6.html
523,7/18/2018,Moscow,Moscow,"10,000",,1,,,,,1,,,,,,,1,1,Left Front,"Communist Party, OKP, RRP, Yabloko",Civil Solidarity,http://www.namarsh.ru/materials/5B4F84FD0E3DE.html,http://www.namarsh.ru/materials/5B3F89C65320A.html
526,7/31/2018,Republic of Tatarstan,Kazan,,,1,,,,,1,,,,,,,1,,,,All-Tatar Public Centre,http://www.namarsh.ru/materials/5B532ACC27E77.html,
529,7/31/2018,Yaroslavl,Yaroslavl,,,1,,,1,,,,,,,,,1,1,Libertarian Party,,,http://www.namarsh.ru/materials/5B575A4599857.html,
558,8/26/2018,Ulyanovsk,Yablonevy,,,2,,,,,1,,,,,,,1,,,,,http://www.namarsh.ru/materials/5B7556EE8DA6E.html,
560,8/25/2018,Krasnodar Krai,Gelendzhik ,,,1,,,1,,,,,,,,,1,,,,,http://www.namarsh.ru/materials/5B76CD3AB7B10.html,
591,9/9/2018,Penza,Penza,,,1,,,,,1,,,,,,,1,,,,Navalny supporters,http://www.namarsh.ru/materials/5B8D1F521F5FD.html,http://www.namarsh.ru/materials/5B90E6590C74A.html
595,9/9/2018,Chelyabinsk,Chelyabinsk,,,1,,,,,1,,,,,,,1,,,,,http://www.namarsh.ru/materials/5B90DD950E0E8.html,http://www.namarsh.ru/materials/5B9630D9B44CB.html
596,9/9/2018,Penza,Penza,,,1,,,,,1,,,,,,,1,,,,,http://www.namarsh.ru/materials/5B90E6590C74A.html,http://www.namarsh.ru/materials/5B9622FDAFD72.html
598,9/9/2018,Krasnodar Krai,Krasnodar,,,1,,,,,1,,,,,,,1,,,,,http://www.namarsh.ru/materials/5B9243BE4D29C.html,http://www.namarsh.ru/materials/5B9604205C3FE.html
599,9/9/2018,Sverdlovsk,Yekaterinburg,,,1,,,,,1,,,,,,,1,,,,,http://www.namarsh.ru/materials/5B9254167C6FA.html,http://www.namarsh.ru/materials/5B9604205C3FE.html
601,9/9/2018,Sverdlovsk,Yekaterinburg,,183,1,,,,,1,,,,,,,1,,,,"Navalny supporters, http://www.namarsh.ru/materials/5B9243BE4D29C.html",http://www.namarsh.ru/materials/5B9604205C3FE.html,
602,9/9/2018,Krasnodar Krai,Krasnodar,,60,1,,,,,1,,,,,,,1,,,,"Navalny supporters, http://www.namarsh.ru/materials/5B9254167C6FA.html",http://www.namarsh.ru/materials/5B9604205C3FE.html,
607,9/9/2018,Penza,Penza,"1,500",,2,,,,,1,,,,,,,1,,,,"Open Russia, Generation of the New Time",http://www.namarsh.ru/materials/5B9622FDAFD72.html,"http://www.namarsh.ru/materials/5B90E6590C74A.html, Navalny supporters"
637,9/30/2018,Sverdlovsk,Yekaterinburg,,,1,,,1,,,,,,,,,1,,,,,http://www.namarsh.ru/materials/5BA363A0C1C02.html,
650,10/13/2018,Krasnodar Krai,Krasnodar,,,1,,,,,,,1,,,,,1,,,,Navalny Headquarters,http://www.namarsh.ru/materials/5BC1D8ED26529.html,
657,10/28/2018,Penza,Penza,,,1,,,,,1,,,,,,,1,,,,,http://www.namarsh.ru/materials/5BCEC25027139.html,http://www.namarsh.ru/materials/5BD6BA28DA9F1.html
1,1/12/2017,Dagestan,Makhachkala,1,1,4,,,1,,,,,,,,1,0,,,,private citizen,http://namarsh.ru/materials/58761EF6243F6.html,
2,1/16/2017,Chelyabinsk,Chelyabinsk,30,,1,,,,,1,,,,,,0,0,,,,private citizens,http://namarsh.ru/materials/587C923BBAB5A.html,
3,1/17/2017,Sverdlovsk,Ekaterinburg,1,0,4,,,1,,,,,,,,0,0,,,,private citizen,http://namarsh.ru/materials/587DFA5E822BD.html,
4,1/17/2017,Voronezh,Voronezh,,0,4,,,1,,,,,,,,0,0,,,,activists from democratic parties,http://namarsh.ru/materials/587F2A08F3B98.html,
5,1/20/2017,Moscow city,Moscow city,400,7,1,,,1,,,,,,,,1,0,,,,social group,http://namarsh.ru/materials/5881C7F009E8F.html,
7,1/28/2017,Novosibirsk,Novosibirsk,500,0,1,,,,,1,,,,,,0,0,1,Democratic Choice Party,,,http://namarsh.ru/materials/588C8F1C78C2B.html,
8,1/29/2017,Moscow city,Moscow city,900,5,1,,,1,,,,,,,,1,0,,,,,http://namarsh.ru/materials/588DFD8042BBB.html,
9,1/28/2017,Samara,Tolyatti,200,,1,,,1,,,,,,,,0,0,1,KPRF,,,http://namarsh.ru/materials/588EFCB4327C2.html,
10,1/31/2017,Zabaykalsky Krai,Chita,,0,1,,,,,1,,,,,,0,0,,,,social group,http://namarsh.ru/materials/5890993F1BC06.html,
11,1/31/2017,Sverdlovsk,Ekaterinburg,700,0,1,,,1,,,,,,,,0,0,1,A Just Russia Party,,,http://namarsh.ru/materials/5891912879536.html,
12,1/31/2017,Samara,Samara,,0,4,,,,,1,,,,,,0,0,,,,"""Civil initiative"" social group",http://namarsh.ru/materials/5891A1E272C36.html,
13,2/1/2017,Moscow city,Moscow city,,2,4,,,1,,,,,,,,1,0,,,,activists,http://namarsh.ru/materials/5891D0D72ED8A.html,
14,2/4/2017,Samara,Samara,300,0,1,,,1,,,,,,,,0,0,1,KPRF,,"""Civil initiative"" social group",http://namarsh.ru/materials/589831B779007.html,
15,2/4/2017,Samara,Samara,1,0,4,,,,,1,,,,,,0,0,,,,private citizen,http://namarsh.ru/materials/589831B779007.html,
16,2/5/2017,Penza,Penza,,0,1,,,1,,,,,,,,0,0,,,,"""New Generation"" activists",http://namarsh.ru/materials/589839ED13659.html,
17,2/5/2017,Kaliningrad,Kaliningrad,,0,2,,,1,,,,,,,,0,0,,,,Federation of Jewish communities in Russia,http://namarsh.ru/materials/58998439A46F2.html,
18,2/8/2017,Leningrad,St Peterburg,,0,4,,,,,,1,,,,,0,0,,,,"""Offensive Russia"" activists",http://namarsh.ru/materials/589AFFAC1111E.html,
19,2/8/2017,Kirov,Kirov,1,0,4,,,1,,,,,,,,0,0,,,,activist,http://namarsh.ru/materials/589C415D49EFA.html,
20,2/9/2017,Moscow city,Moscow city,38,0,5,,,,1,,,,,,,0,0,,,,private citizens,http://namarsh.ru/materials/589C4E234BE03.html,
21,2/12/2017,Moscow city,Moscow city,,50,1,,,1,,,,,,,,1,0,,,,,http://namarsh.ru/materials/58A073C5B3728.html,
22,2/12/2017,Penza,Penza,6,0,2,,,1,,,,,,,,0,0,,,,Nationalist movement,http://namarsh.ru/materials/58A16B8068566.html,
23,2/14/2017,Zabaykalsky Krai,Chita,150,0,4,,,,,1,,,,,,0,0,,,,Trade Union,http://namarsh.ru/materials/58A2C22ACC29D.html,
25,2/18/2017,Samara,Samara,1350,0,1,,,1,,,,,,,,0,0,1,KPRF,,"""Civil initiative"" group; ""Union of self-governing""",http://namarsh.ru/materials/58AAA56055F7B.html,
26,2/20/2017,Moscow city,Moscow city,50,1,3,,,,1,,,,,,,1,0,,,,Metro workers/builders,http://namarsh.ru/materials/58AAD6CA911F7.html,
30,2/26/2017,Tatarstan,Kazan,150,0,1,,,1,,,,,,,,0,0,,,,activists,http://namarsh.ru/materials/58B2E8ECE926A.html,
31,2/26/2017,Novosibirsk,Novosibirsk,100,0,2,,,1,,,,,,,,0,0,,,,acivists,http://namarsh.ru/materials/58B2E8ECE926A.html,
32,2/26/2017,Leningrad,St Petersburg,4000,0,1,,,1,,,,,,,,0,0,1,Yabloko,Party of Growth,"Open Russia, Vesna",http://namarsh.ru/materials/58B2E8ECE926A.html,
33,2/26/2017,Moscow city,Moscow city,6,6,4,,,1,,,,,,,,1,0,1,Salidarnost,,,http://namarsh.ru/materials/58B3BE30A7A4F.html,
35,3/6/2017,Samara,Tolyatti ,1000,0,,,,,,1,,,,,,0,0,1,KPRF,,,http://namarsh.ru/materials/58BD251C65771.html,
36,3/6/2017,Leningrad,St Petersburg,30,6,1,,,,,,,,,,,1,0,,,,"""Vesna"" movement",http://namarsh.ru/materials/58BE481B50288.html,
37,3/6/2017,Penza,Penza,1,0,4,,,1,,,,,,,,0,0,,,,activist,http://namarsh.ru/materials/58BE6CD40466D.html,
39,3/6/2017,Moscow City,Moscow City,,0,3,,,,1,,,,,,,0,0,,,,bakery workers,http://namarsh.ru/materials/58C12F4B26875.html,
40,3/11/2017,Samara,Tolyatti,1500,0,1,,,1,,,,,,,,0,0,1,KPRF,,VAZ workers,http://namarsh.ru/materials/58C64FAAC274D.html,
41,3/11/2017,Samara,Zhigulyovsk,300,0,1,,,1,,,,,,,,0,0,1,KPRF,,,http://namarsh.ru/materials/58C64FAAC274D.html,
42,3/12/2017,Samara,Novokuybyshevsk,500,0,1,,,1,,,,,,,,0,0,1,KPRF,,,http://namarsh.ru/materials/58C64FAAC274D.html,
43,3/19/2017,Novosibirsk,Novosibirsk,3000,0,1,,,,,1,,,,,,0,0,,,,,http://namarsh.ru/materials/58CE4698513E1.html,
45,3/19/2017,Sverdlovsk,Ekaterinburg,50,0,1,,,,,1,,,,,,0,0,,,,,http://namarsh.ru/materials/58CF97CFB93FF.html,
46,3/19/2017,Samara,Samara,2250,0,1,,,1,,,,,,,,0,0,1,KPRF,LDPR,"""civil initiative"", ""union of self-governing""",http://namarsh.ru/materials/58CFA00D16776.html,
47,3/19/2017,Samara,Tolyatti,700,0,1,,,1,,,,,,,,0,0,1,KPRF,,,http://namarsh.ru/materials/58CFA00D16776.html,
48,3/19/2017,Samara,Zhigulyovsk,350,0,1,,,1,,,,,,,,0,0,1,KPRF,,,http://namarsh.ru/materials/58CFA00D16776.html,
49,3/21/2017,Moscow city,Moscow city,2,1,4,,,,,,,,,,1,1,0,,,,ecological activists,http://namarsh.ru/materials/58D10290A1FC1.html,
52,3/21/2017,Moscow city,Moscow city,,0,3,,,,1,,,,,,,0,0,,,,Metro workers/builders,http://namarsh.ru/materials/58D261E015CB4.html,
53,3/24/2017,Segezhsky District,Segezha,1,1,4,,,1,,,,,,,,1,0,,,,activist,http://namarsh.ru/materials/58D4EA648A566.html,
61,3/26/2017,Zabaykalsky Krai,Chita,100,0,1,,,1,,,,,,,,1,0,,,,"Navalny's ""Fight Against Corruption Fund""",http://namarsh.ru/materials/58D8BDDF87C03.html,
66,3/27/2017,Sverdlovsk,Ekaterinburg,150,0,1,,,,1,,,,,,,0,0,,,,lorry drivers,http://namarsh.ru/materials/58D8EEF9F10EE.html,
67,3/27/2017,Penza,Penza,100,0,1,,,,1,,,,,,,0,0,,,,Taxi drivers trade union,http://namarsh.ru/materials/58D8FD18A73BB.html,
73,3/26/2017,Moscow city,Moscow city,1,1,4,,,,,,1,,,,,0,0,,,,activist,http://namarsh.ru/materials/58DD28910F5D4.html,
74,3/27/2017,Irkutsk,Irkutsk,50,,3,,,,1,,,,,,,0,0,,,,Lorry drivers,http://namarsh.ru/materials/58DE38DC771A3.html,
76,4/2/2017,Samara,Samara,4000,2,1,,,1,,,,,,,,1,0,,,,"""Samara's Union of Self-governing""",http://namarsh.ru/materials/58E20734BE143.html,
77,4/2/2017,Mordovia,Saransk,1,0,4,,,1,,,,,,,,0,0,,,,activist,http://namarsh.ru/materials/58E212BDA33B4.html,
80,3/26/2017,Khabarovsk Krai,Khabarovsk,1500,12,1,,,1,,,,,,,,1,0,,,,activists,http://namarsh.ru/materials/58E396DF63C2D.html,
84,4/6/2017,Sverdlovsk,Ekaterinburg,50,0,1,,,1,,,,,,,,0,0,,,,"""Ekaterinburg is for Freedom"" movement",http://namarsh.ru/materials/58E741968A4F2.html,
86,4/9/2017,Sakha Republic,Yakutsk,2000,0,1,,,1,,,,,,,,0,0,,,,"""United Force"" civil organisation",http://namarsh.ru/materials/58EB398C8C858.html,
87,4/10/2017,Zabaykalsky Krai,Chita,150,0,3,,,,1,,,,,,,0,0,,,,Lorry drivers,http://namarsh.ru/materials/58EB42DF4CED7.html,
88,4/9/2017,Kirov,Kirov,80,0,1,,,1,,,,,,,,0,0,,,,private citizens,http://namarsh.ru/materials/58EB642428271.html,
90,4/10/2017,Moscow City,Aprelevka,300,0,1,,,,,,1,,,,,0,0,,,,"private citizens, ""Civil Forum"" activists",http://namarsh.ru/materials/58EB7AE9ED1A1.html,
91,4/12/2017,Kirov,Kirov,12,,3,,,,1,,,,,,,0,0,,,,Lorry drivers,http://namarsh.ru/materials/58EDE51086D73.html,
92,4/12/2017,Rostov,Rostov-on-Don,200,0,3,,,,1,,,,,,,0,0,,,,Stadion builders,http://namarsh.ru/materials/58EF6D16F2F6A.html,
93,4/16/2017,Krasnodarsky Krai,Sochi,10,8,1,,,1,,,,,,,,1,0,,,,activists,http://namarsh.ru/materials/58F35FECB5139.html,
95,4/16/2017,Tyumen,Tyumen,,4,1,,,1,,,,,,,,1,0,,,,"Navalny's ""Fight Against Corruption Fund""",http://namarsh.ru/materials/58F3819B9EDCC.html,
96,4/15/2017,Novosibirsk,Novosibirsk,50,0,1,,,,1,,,,,,,0,0,,,,,http://namarsh.ru/materials/58F47995021E9.html,
97,4/15/2017,Novosibirsk,Novosibirsk,50,0,1,,,1,,,,,,,,0,0,,,,,http://namarsh.ru/materials/58F47995021E9.html,
98,4/15/2017,Novosibirsk,Novosibirsk,50,0,1,,,,,1,,,,,,0,0,,,,private citizens,http://namarsh.ru/materials/58F47995021E9.html,
99,4/18/2017,Sverdlovsk,Ekaterinburg,,0,4,,,,,1,,,,,,0,0,,,,private citizens,http://namarsh.ru/materials/58F6115F05B4E.html,
101,4/19/2017,Khakassia Republic,Abakan,6,0,5,,,,,1,,,,,,0,0,,,,private citizens,http://namarsh.ru/materials/58F73EEDDD0CD.html,
102,4/18/2017,Sverdlovsk,Ekaterinburg,4,,5,,,,,1,,,,,,1,0,,,,private citizens,http://namarsh.ru/materials/58F74F5C110FA.html,
105,4/23/2017,Novosibirsk,Novosibirsk,150,0,1,,,1,,,,,,,,0,0,,,,acivists,http://namarsh.ru/materials/58FC7838D1FC4.html,
108,4/22/2017,Tatarstan,Kazan,60,0,1,,,,,1,,,,,,0,0,,,,private citizens,http://namarsh.ru/materials/58FDF3AAAF2C3.html,
109,4/26/2017,Leningrad,St Peterburg,,0,1,,,,,,,,,,1,0,0,,,,Greenpeace,http://namarsh.ru/materials/5901AF59EC296.html,
110,4/27/2017,Irkutsk,Irkutsk,300,0,1,,,,1,,,,,,,0,0,,,,Businessmen/businesswomen,http://namarsh.ru/materials/5901C99504BBE.html,
121,5/1/2017,Leningrad,St Peterburg,,0,1,,,1,,,,,,,,0,0,1,Party of Growth,,RNB and other MPs,http://namarsh.ru/materials/5907320434FF0.html,
129,5/16/2017,Novosibirsk,Novosibirsk,7,0,4,,,,,1,,,,,,0,0,,,,HIV patients,http://namarsh.ru/materials/591AC9BF3B382.html,
130,5/16/2017,Chelyabinsk,Chelyabinsk,,0,4,,,,,1,,,,,,0,0,,,,Home buyers,http://namarsh.ru/materials/591AE49C8F036.html,
136,5/24/2017,Krasnoyarsk Krai,Krasnoyarsk,500,0,1,,,,,1,,,,,,0,0,,,,Business owners,http://namarsh.ru/materials/5925973849440.html,
137,5/25/2017,Novosibirsk,Novosibirsk,100,0,4,,,,1,,,,,,,0,0,,,,Geophysicists,http://namarsh.ru/materials/5926A1C120A44.html,
139,5/22/2017,Kemerovo,Kemerovo,80,0,3,,,,1,,,,,,,0,0,,,,street cleaners,http://namarsh.ru/materials/5927F69CB9EBB.html,
140,5/28/2017,Samara,Samara,300,0,1,,,1,,,,,,,,0,0,1,KPRF,,"""Civil initiative"" movement",http://namarsh.ru/materials/592BCD4BC2623.html,
141,5/29/2017,Crimea,Kerch,200,,1,,,,1,,,,,,,0,0,,,,Metallurgical Plant workers,http://namarsh.ru/materials/592D7F9274365.html,
142,5/31/2017,Leningrad,St Petersburg,5,0,5,,,,,1,,,,,,0,0,,,,Home buyers,http://namarsh.ru/materials/592EA6B918AB8.html,
144,6/1/2017,Komi Republic,Inta,113,0,3,,,,1,,,,,,,0,0,,,,miners,http://namarsh.ru/materials/59316A5C9FDC2.html,
146,6/5/2017,Novosibirsk,Novosibirsk,40,0,5,,,,,1,,,,,,0,0,,,,home buyers,http://namarsh.ru/materials/593542B899F20.html,
148,6/7/2017,Sverdlovsk,Ekaterinburg,4,4,4,,,,,,,,,,1,1,0,,,,Animal rights activists,http://namarsh.ru/materials/5937E596E9120.html,
149,6/7/2017,Chelyabinsk,Chelyabinsk,200,0,4,,,,1,,,,,,,0,0,,,,"""Chelyabinsk's bus transport"" workers",http://namarsh.ru/materials/593812DC0F84E.html,
151,6/12/2017,Samara,Samara,2000,5,1,,,1,,,,,,,,0,0,,,,Navalny's Fight against Corruption Fund,http://namarsh.ru/materials/593F9519DDB3F.html,
152,6/12/2017,Samara,Tolyatti,1000,0,1,,,1,,,,,,,,0,0,,,,activist Sergey Ionov,http://namarsh.ru/materials/593F9519DDB3F.html,
153,6/12/2017,Mordovia Republic,Saransk,300,0,1,,,1,,,,,,,,0,0,,,,Navalny's Fight against Corruption Fund,http://namarsh.ru/materials/593F9A5E0C16A.html,
155,6/12/2017,Kirov,Kirov,1000,0,1,,,1,,,,,,,,0,0,,,,Navalny's campaign headquarters,http://namarsh.ru/materials/593FB06B5F3FD.html,
158,6/12/2017,Chelyabinsk,Chelyabinsk,4000,0,1,,,1,,,,,,,,0,0,,,,Navalny's Fight against corruption fund,http://namarsh.ru/materials/593FB65C751F2.html,
162,6/14/2017,Zabaykalky Krai,Petrovsk-Zabaykalsky,48,0,4,,,,1,,,,,,,0,0,,,,teachers,http://namarsh.ru/materials/5941453D12035.html,
163,6/13/2017,Samara,Samara,1,,4,,,1,,,,,,,,0,0,,,,activitst,http://namarsh.ru/materials/59424A36C8D36.html,
164,6/15/2017,Moscow city,Moscow city,50,0,4,,,,1,,,,,,,0,0,,,,foreign currecncy mortgage holders,http://namarsh.ru/materials/5943940646744.html,
165,6/15/2017,Chelyabinsk,Chelyabinsk,300,0,1,,,,,1,,,,,,0,0,,,,students and parents,http://namarsh.ru/materials/5943B764409E3.html,
166,6/15/2017,Tomsk,Tomsk,13,3,4,,,1,,,,,,,,0,0,,,,private citizens,http://namarsh.ru/materials/5943E1D952978.html,
169,6/25/2017,Novosibirsk,Novosibirsk,,0,4,,,1,,,,,,,,0,0,,,,Navalny's activists,http://namarsh.ru/materials/5950AA7DC5931.html,
170,6/28/2017,Moscow city,Moscow city,1,1,4,,,,,1,,,,,,1,0,1,Yabloko,,,http://namarsh.ru/materials/595355033803D.html,
171,6/28/2017,Sverdlovsk,Nevyansk,1,0,5,,,,,1,,,,,,0,0,,,,private citizen,http://namarsh.ru/materials/5953B71A5FA54.html,
172,6/28/2017,Novosibirsk,Novosibirsk,300,0,1,,,,,,,,,,1,0,0,,,,private citizens,http://namarsh.ru/materials/5954D34F13FFE.html,
173,7/2/2017,Kaliningrad,Kaliningrad,3,1,4,,,1,,,,,,,,1,0,,,,"""Open Russia""",http://namarsh.ru/materials/59590860AC552.html,
174,7/3/2017,Mordovia Republic,Saransk,1,0,4,,,1,,,,,,,,0,0,,,,activitst,http://namarsh.ru/materials/5959FD42E124D.html,
175,6/28/2017,Tambov,Tambov,1,1,4,,,1,,,,,,,,1,0,,,,activist and volunteer in Navalny's campaign headquarters,http://namarsh.ru/materials/595BD13CCA148.html,
176,7/6/2017,Moscow city,Moscow city,1,1,4,,,1,,,,,,,,1,0,,,,activist,http://namarsh.ru/materials/595E3CF394DF7.html,
186,7/19/2017,Kostroma,Kostroma,12,1,4,,,1,,,,,,,,0,0,,,,activists,http://namarsh.ru/materials/596B57039B3A8.html,
187,7/19/2017,Moscow city,Moscow city,5,,10,,,1,,,,,,,,0,0,,,,"""Left bloc"" activists",http://namarsh.ru/materials/596F554A1408A.html,
188,7/18/2017,Samara,Samara,10,0,4,,,,,1,,,,,,0,0,,,,University staff,http://namarsh.ru/materials/5970A4337BDE8.html,
189,7/23/2017,Sverdlovsk,Ekaterinburg,6,6,2,,,1,,,,,,,,1,0,,,,"""Artpodgotovka"" movement",http://namarsh.ru/materials/59760878174BA.html,
190,7/25/2017,Chelyabinsk,Chelyabinsk,,0,4,,,1,,,,,,,,0,0,,,,Home buyers,http://namarsh.ru/materials/5977503CDED45.html,
191,6/12/2017,Nizhegorod,Nizhny Novgorod,1,,5,,,,1,,,,,,,0,0,,,,Trade union leader,http://namarsh.ru/materials/5977578B98AED.html,
192,7/25/2017,Voronezh,Voronezh,,0,4,,,1,,,,,,,,0,0,,,,activists,http://namarsh.ru/materials/59785B908D594.html,
193,7/26/2017,Kirov,Kirov,1,0,4,,,,,,,1,,,,0,0,,,,activist,http://namarsh.ru/materials/5978622137C86.html,
194,7/25/2017,Sverdlovsk,Ekaterinburg,200,0,1,,,,,1,,,,,,0,0,,,,home buyers,http://namarsh.ru/materials/5978A5B196403.html,
195,7/27/2017,Kirov,Kirov,,0,4,,,1,,,,,,,,0,0,1,Parnass,,Open Russia,http://namarsh.ru/materials/5979EC9A96ADA.html,
196,7/27/2017,Yamal Pininsula ,Sabetta,9,0,5,,,,1,,,,,,,0,0,,,,factory builders,http://namarsh.ru/materials/5979F7BD46223.html,
197,7/31/2017,Sverdlovsk,Ekaterinburg,200,0,1,,,,1,,,,,,,0,0,,,,lorry drivers,http://namarsh.ru/materials/597EE6E9E9317.html,
198,8/3/2017,Moscow city,Moscow city,,1,4,,,1,,,,,,,,1,0,,,,activists,http://namarsh.ru/materials/59832E66CAB51.html,
199,8/4/2017,Novosibirsk,Novosibirsk,2,0,3,,,,1,,,,,,,0,0,,,,builders,http://namarsh.ru/materials/5984172078FDF.html,
200,8/6/2017,Samara,Tolyatti,50,0,1,,,,,1,,,,,,0,0,1,KPRF activists,,"""Artpodgotovka"" movement",http://namarsh.ru/materials/59881F8A8618A.html,
202,8/8/2017,Crimea,Simferopol,1,1,4,,,1,,,,,,,,1,0,,,,private citizen,http://namarsh.ru/materials/598DF3EDB9507.html,
203,8/17/2017,Irkutsk,Irutsk,2,2,4,,,,,1,,,,,,0,0,,,,private citizens,http://namarsh.ru/materials/599579D51D2FA.html,
204,8/9/2017,Sverdlovsk,Ekaterinburg,3,0,5,,,,,1,,,,,,0,0,,,,home buyers,http://namarsh.ru/materials/5996DA89B4EA3.html,
205,8/22/2017,Novosibirsk,Novosibirsk,1,1,4,,,1,,,,,,,,0,0,,,,activist,http://namarsh.ru/materials/599BC54BC064D.html,
206,8/22/2017,Sakhalin,Yuzhno-Sakhalinsk,4,4,4,,,1,,,,,,,,1,0,,,,activists,http://namarsh.ru/materials/599C118E577C3.html,
207,8/26/2017,Moscow city,Moscow city,2000,0,1,,,1,,,,,,,,0,0,,,,activists,http://namarsh.ru/materials/59A3CFC146857.html,
208,8/26/2017,Sverdlovsk,Ekaterinburg,100,0,1,,,1,,,,,,,,0,0,1,Parnass,,Open Russia,http://namarsh.ru/materials/59A3CFC146857.html,
209,8/26/2017,Voronezh,Voronezh,,0,1,,,1,,,,,,,,0,0,1,Yabloko,Parnass,"Open Russia, Solidarnost movement, Artpodgotovka, Vesna, Navalny's supporters",http://namarsh.ru/materials/59A3D49A7FA2B.html,
210,8/29/2017,Ulyanovsk,Ulyanovsk,15,0,4,,,1,,,,,,,,1,0,1,KPRF,,activists,http://namarsh.ru/materials/59A6682B4B47B.html,
211,8/31/2017,Chelyabinsk,Chelyabinsk,200,0,4,,,,,1,,,,,,0,0,,,,activists,http://namarsh.ru/materials/59A9158F98B24.html,
214,9/2/2017,Penza,Penza,50,0,1,,,1,,,,,,,,0,0,1,KPRF,,"""Left bloc"" movement",http://namarsh.ru/materials/59AD07E33ED62.html,
215,9/3/2017,Sverdlovsk,Ekaterinburg,2000,0,4,,,,,,1,,,,,0,0,,,,activists,http://namarsh.ru/materials/59AD0DCFD41C6.html,
216,9/3/2017,Moscow city,Moscow city,300,17,1,,,1,,,,,,,,1,0,,,,private citizens,http://namarsh.ru/materials/59AD584F3C7FC.html,
217,9/6/2017,Saratov,Saratov,2,9,4,,,1,,,,,,,,0,0,,,,activists,http://namarsh.ru/materials/59B13436D2FFA.html,
219,9/11/2017,Orenburg,Orenburg,50,,7,,,,,,,1,,,,0,0,,,,"Ooo ""Sgts ""Vishnevskiy"" staff",http://namarsh.ru/materials/59B699D13192D.html,
221,9/13/2017,Krasnodarsky Krai,Krasnodar,,0,5,,,,,1,,,,,,0,0,,,,home buyers,http://namarsh.ru/materials/59BA7DD2D1145.html,
222,9/17/2017,Leningrad,St Petersburg,,0,1,,,1,,,,,,,,0,0,,,,activists,http://namarsh.ru/materials/59BF75952E1D8.html,
223,9/18/2017,Zabaykalsky Krai,Vershino-Darasunsky,29,0,5,,,,1,,,,,,,0,0,,,,miners,http://namarsh.ru/materials/59BFA6CE137A8.html,
224,9/22/2017,Novosibirsk,Novosibirsk,3000,2,1,,,1,,,,,,,,,0,,,,Navalny's Fight against Corruption Fund,http://namarsh.ru/materials/59C51D1EA9020.html,
225,9/22/2017,Novosibirsk,Novosibirsk,30,0,1,,,1,,,,,,,,0,0,,,,communists,http://namarsh.ru/materials/59C5266E6A392.html,
226,9/25/2017,Samara,Tolyatti,100,0,1,,,,,1,,,,,,0,0,,,,young families,http://namarsh.ru/materials/59C8C0EBCF915.html,
227,9/25/2017,Tomsk,Tomsk,1,0,5,,,1,,,,,,,,0,0,,,,education trade union leader,http://namarsh.ru/materials/59C8FC150D02D.html,
228,9/25/2017,Penza,Penza,3,0,4,,,1,,,,,,,,0,0,,,,Navalny's campaign headquarters,http://namarsh.ru/materials/59CA0B2FEF384.html,
233,9/28/2017,Krasnodarsky Krai,Gelendzhik,500,5,1,,,,,1,,,,,,0,0,,,,home owners/fishermen,http://namarsh.ru/materials/59CE22C386E28.html,
235,7/8/2017,Tyumen,Tyumen,,10,4,,,1,,,,,,,,1,0,,,,Navalny's volunteers,http://namarsh.ru/materials/59D6337BDB1F9.html,
236,10/4/2017,Vladimir,Vladimir,,0,1,,,,,1,,,,,,0,0,,,,public sector workers,http://namarsh.ru/materials/59D63C7A88337.html,
248,10/7/2017,Zabaikalsky Krai,Chita,60,0,1,,,1,,,,,,,,0,0,,,,Navalny's supporters,http://namarsh.ru/materials/59D8D83D7FC21.html,
251,10/7/2017,Republic of Mordovia,Saransk,1,0,4,,,1,,,,,,,,0,0,,,,private citizen,http://namarsh.ru/materials/59DB252EC7CE6.html,
253,10/12/2017,Irkutsk,Irkutsk,300,0,1,,,1,,,,,,,,0,0,,,,business owners,http://namarsh.ru/materials/59DF729B88ADF.html,
254,10/13/2017,Zabaikalsky Krai,Chita,1,1,4,,,1,,,,,,,,1,0,,,,Navalny's volunteers,http://namarsh.ru/materials/59E0A23B8C2DC.html,
255,10/13/2017,Moscow city,Moscow city,7,,4,,,1,,,,,,,,0,0,,,,private citizens,http://namarsh.ru/materials/59E0C42D542E3.html,
256,10/13/2017,Novosibirsk,Novosibirsk,6,6,4,,,,1,,,,,,,0,0,,,,construction workers,http://namarsh.ru/materials/59E0CAAFF1530.html,
258,10/14/2017,Penza,Penza,10,0,4,,,,,,,,,,1,0,0,,,,private citizens,http://namarsh.ru/materials/59E4626C1C283.html,
259,10/16/2017,Perm Krai,Maysky,,0,3,,,,1,,,,,,,0,0,,,,factory workers,http://namarsh.ru/materials/59E47C2ED0B82.html,
260,10/15/2017,Kirov,Kirov,50,0,4,,,,,1,,,,,,0,0,,,,home buyers,http://namarsh.ru/materials/59E48A8E59398.html,
263,10/8/2017,Nizhny Novgorod,Gavrilovka,120,0,1,,,,,,,,,,1,0,0,,,,private citizens,http://namarsh.ru/materials/59EDB1C0BFD8E.html,
264,10/30/2017,Penza,Penza,70,0,1,,,1,,,,,,,,0,0,,,,private citizens,http://namarsh.ru/materials/59F7112741FEC.html,
265,11/1/2017,Chelyabinsk,Chelyabinsk,,0,4,,,,,1,,,,,,0,0,,,,home buyers,http://namarsh.ru/materials/59F9AE8971796.html,
266,11/4/2017,Moscow city,Stepashyno,50,,7,,,,,,,,,,1,0,0,,,,private citizens,http://namarsh.ru/materials/59FDBDF492BAA.html,
269,11/6/2017,Sverdlovsk,Ekaterinburg,1000,0,2,,,1,,,,,,,,0,0,,,,communists and home buyers,http://namarsh.ru/materials/5A017CB8997BA.html,
270,11/7/2017,Yamalo-Nenets Autonomous Okrug,Novy Urengoy,50,0,1,,,,1,,,,,,,0,0,,,,Rosneftegaz staff,http://namarsh.ru/materials/5A02E687A165D.html,
271,11/9/2017,Chelyabinsk,Chelyabinsk,30,13,4,,,,,,,,,,1,0,0,,,,activists,http://namarsh.ru/materials/5A044831CF43F.html,
272,11/9/2017,Chelyabinsk,Chelyabinsk,1,0,4,,,1,,,,,,,,0,0,,,,activist,http://namarsh.ru/materials/5A045DA82A854.html,
274,11/6/2017,Moscow city,Moscow city,,3,5,,,,,,,,,,1,1,0,,,,activists,http://namarsh.ru/materials/5A0856BD099AE.html,
275,11/13/2017,Sverdlovsk,Ekaterinburg,1,0,5,,,,,1,,,,,,0,0,,,,private citizen,http://namarsh.ru/materials/5A0969DA148BF.html,
277,11/15/2017,Chelyabinsk,Chelyabinsk,,0,4,,,,,1,,,,,,0,0,,,,home buyers,http://namarsh.ru/materials/5A0C1B2ADE2F7.html,
278,7/24/2017,Tyumen,Tyumen,2,2,4,,,1,,,,,,,,1,0,,,,activists,http://namarsh.ru/materials/5A0C245540CDD.html,
280,11/21/2017,Penza,Penza,,0,4,,,1,,,,,,,,0,0,,,,"""New Time Generation"" movement and ""Vesna""",http://namarsh.ru/materials/5A153B9DCECF5.html,
283,11/25/2017,Chelyabinsk,Chelyabinsk,1500,0,1,,,,,,,,,,1,0,0,,,,activists,http://namarsh.ru/materials/5A1BD02522A83.html,
284,11/26/2017,Chelyabinsk,Chelyabinsk,1500,0,1,,,1,,,,,,,,0,0,,,,Navalny's supporters,http://namarsh.ru/materials/5A1BD02522A83.html,
285,11/28/2017,Rostov,Rostov-on-Don,11,0,5,,,,,1,,,,,,0,0,,,,home buyers,http://namarsh.ru/materials/5A1D743EED413.html,
287,11/29/2017,Crimea,Sevastopol,1,0,5,,,1,,,,,,,,0,0,,,,private citizens,http://namarsh.ru/materials/5A200A4F5D55F.html,
291,12/6/2017,Novosibirsk,Novosibirsk,,0,4,,,1,,,,,,,,0,0,,,,private citizens,http://namarsh.ru/materials/5A27EE70B6673.html,
292,12/6/2017,Kurgan,Kurgan,,0,4,,,,,,,,,,1,0,0,,,,"""Kurgan-AntiUran"" activists",http://namarsh.ru/materials/5A27F7E02E287.html,
293,12/7/2017,Samara,Samara,1,0,4,,,,,1,,,,,,0,0,,,,activist,http://namarsh.ru/materials/5A2909840B85A.html,
294,12/10/2017,Novosibirsk,Novosibirsk,50,0,1,,,1,,,,,,,,0,0,,,,private citizens,http://namarsh.ru/materials/5A2CFEB6AC4EE.html,
295,12/10/2017,Voronezh,Voronezh,,0,1,,,1,,,,,,,,0,0,,,,activists,http://namarsh.ru/materials/5A2E4226A836D.html,
296,12/11/2017,Moscow city,Moscow city,,3,3,,,,1,,,,,,,0,0,,,,street cleaners,http://namarsh.ru/materials/5A2ECF648B6B2.html,
297,12/12/2017,Chelyabinsk,Chelyabinsk,50,0,4,,,,,1,,,,,,0,0,,,,home buyers,http://namarsh.ru/materials/5A2FBD83E24B5.html,
298,12/12/2017,Republic of Mordovia,Saransk,,0,4,,,,,1,,,,,,0,0,,,,home buyers,http://namarsh.ru/materials/5A2FE47A9B1E5.html,
299,12/12/2017,Voronezh,Voronezh,,,4,,,1,,,,,,,,1,0,,,,activists,http://namarsh.ru/materials/5A30D6C21F7CE.html,
302,12/15/2017,Zabaikalsky Krai,Chita,30,0,1,,,,1,,,,,,,0,0,,,,lorry drivers,http://namarsh.ru/materials/5A3371A5676B3.html,
303,12/16/2017,Zabaikalsky Krai,Chita,150,0,1,,,,1,,,,,,,0,0,,,,business owners,http://namarsh.ru/materials/5A3774165760C.html,
305,12/23/2017,Novosibirsk,Novosibirsk,100,0,1,,,,,,,,,,1,0,0,,,,private citizens,http://namarsh.ru/materials/5A3E1EBA36667.html,
307,12/26/2017,Chelyabinsk,Chelyabinsk,,0,4,,,,,1,,,,,,0,0,,,,home buyers,http://namarsh.ru/materials/5A420015C2D79.html,
308,12/24/2017,Samara,Samara,20,0,4,,,,1,,,,,,,0,0,,,,trade unions,http://namarsh.ru/materials/5A42059555A40.html,
309,12/27/2017,Moscow city,Moscow city,,,4,,,,,1,,,,,,1,0,,,,students ,http://namarsh.ru/materials/5A43DB4E46CD5.html,
310,12/20/2017,Moscow city,Moscow city,1,1,4,,,1,,,,,,,,1,0,,,,Pussy Riot,http://namarsh.ru/materials/5A4509E3969A3.html,
57,3/26/2017,Dagestan,Makhachkala,,156,1,,,1,,,,,,,,1,,,,,"Navalny's ""Fight Against Corruption Fund""",http://namarsh.ru/materials/58D7E6EBA666C.html,
59,3/26/2017,Sverdlovsk,Ekaterinburg,2000,12,1,,,1,,,,,,,,1,,,,,"Navalny's ""Fight Against Corruption Fund""",http://namarsh.ru/materials/58D7FD78ED2B8.html,
82,4/5/2017,Chelyabinsk,Chelyabinsk,100,0,3,,,,1,,,,,,,0,,,,,Lorry drivers,http://namarsh.ru/materials/58E601848F6D3.html,
83,3/26/2017,Sverdlovsk,Nizhny Tagil,300,15,1,,,1,,,,,,,,1,,,,,"Navalny's ""Fight Against Corruption Fund""",http://namarsh.ru/materials/58E63E93ABE7A.html,
94,4/16/2017,Leningrad,St Peterburg,60,30,2,,,1,,,,,,,,1,,,,,acivists,http://namarsh.ru/materials/58F371850B465.html,
107,4/23/2017,Penza,Penza,,0,4,,,1,,,,,,,,0,,1,Progress Party,,activist,http://namarsh.ru/materials/58FDB4971DA5A.html,
117,4/29/2017,Leningrad,St Peterburg,,115,1,,,1,,,,,,,,,,,,,acivists,http://namarsh.ru/materials/5905980F69BD3.html,
118,4/30/2017,Amur,Blagoveshechensk,1,1,4,,,1,,,,,,,,1,,,,,private citizen,http://namarsh.ru/materials/5905B9AC6C47D.html,
119,4/29/2017,Tatarstan,Kazan,,2,1,,,1,,,,,,,,,,,,,acivists,http://namarsh.ru/materials/5906E51857FF9.html,
120,4/29/2017,Moscow city,Moscow city,,20,1,,,1,,,,,,,,1,,,,,,http://namarsh.ru/materials/590723F74B789.html,
122,5/1/2017,Samara,Samara,5000,3,1,,,1,,,,,,,,0,,1,KPRF,,,http://namarsh.ru/materials/59084D6CDDFE8.html,
123,5/3/2017,Novosibirsk,Novosibirsk,2,0,4,,,,,1,,,,,,0,,,,,private citizens,http://namarsh.ru/materials/590B0AC09DDDF.html,
127,5/14/2017,Moscow city,Moscow city,25000,,1,,,,,1,,,,,,1,,,,,private citizens,http://namarsh.ru/materials/59183F323071B.html,
131,5/17/2017,Zabaikalsky Krai,Vershino-Darasunskiy,81,0,3,,,,1,,,,,,,0,,,,,Miners,http://namarsh.ru/materials/591D5490EC535.html,
132,5/17/2017,Moscow city,Moscow city,18,0,5,,,,1,,,,,,,0,,,,,private citizens,http://namarsh.ru/materials/591DABA64BE52.html,
134,5/4/2017,Novosibirsk,Novosibirsk,1,0,9,,,,1,,,,,,,0,,,,,Builder,http://namarsh.ru/materials/591ED02BA6F8C.html,
156,6/12/2017,Leningrad,St Petersburg,,500,1,,,1,,,,,,,,1,,,,,,http://namarsh.ru/materials/593FB65C751F2.html,
157,6/12/2017,Moscow city,Moscow city,,866,1,,,1,,,,,,,,1,,,,,activists,http://namarsh.ru/materials/593FB65C751F2.html,
178,7/8/2017,Moscow city,Moscow city,,84,4,,,1,,,,,,,,1,,,,,Navalny supporters,http://namarsh.ru/materials/5961EC1F68132.html,
179,7/8/2017,Voronezh,Voronezh,,10,4,,,1,,,,,,,,1,,,,,Navalny supporters,http://namarsh.ru/materials/5961EC1F68132.html,
180,7/9/2017,Moscow city,Moscow city,6,6,1,,,1,,,,,,,,1,,,,,activists,http://namarsh.ru/materials/596214E592F3A.html,
184,7/11/2017,Moscow city,Moscow city,,0,4,,,,,,,,,,1,1,,,,,activists,http://namarsh.ru/materials/5968EA02B376C.html,
218,9/8/2017,Irkutsk,Irkutsk,,0,7,,,,,,,1,,,,1,,,,,private citizens,http://namarsh.ru/materials/59B27C9324208.html,
261,10/7/2017,Rostov,Rostov-on-Don,,,1,,,1,,,,,,,,,,,,,Navalny's supporters,http://namarsh.ru/materials/59E7633A27E7D.html,
268,11/5/2017,Novosibirsk,Novosibirsk,50,13,1,,,1,,,,,,,,1,,,,,Artpodgotovka movement,http://namarsh.ru/materials/5A0168C769072.html,
304,12/15/2017,Moscow city,Moscow city,,,1,,,,1,,,,,,,1,,,,,lorry drivers,http://namarsh.ru/materials/5A3D0F97E98A5.html,
312,1/9/2018,Novosibirsk,Novosibirsk,1,,1,,,1,,,,,,,,,,,,,,http://namarsh.ru/materials/5A54B2B97D7AA.html,
313,1/14/2018,Moscow City,Moscow,,8,2,,,1,,,,,,,,,,,,,Opposition Walk,http://namarsh.ru/materials/5A5B4AD169998.html,
314,1/14/2018,Samara,Samara,25,,1,,,,,,,1,,,,,,,,,Alliance of Animal Protectors,http://namarsh.ru/materials/5A5C706F824B8.html,
315,1/9/2018,Krasnodar Krai,Krasnodar,,,5,,6,,,1,,,,,,,,,,,,http://namarsh.ru/materials/5A5CADA7D978B.html,
317,1/19/2018,Moscow City,Moscow,,4,2,,,1,,,,,,,,,,,,,,http://namarsh.ru/materials/5A623B4D554B2.html,
319,1/21/2018,Penza,Penza,200,,1,,,,,,,1,,,,,,,,United Communist Party,Left Front,http://namarsh.ru/materials/5A65A1B4AF8F4.html,
320,1/20/2018,Moscow City,Moscow,,,2,,,,1,,,,,,,,,,,,,http://namarsh.ru/materials/5A65ABD118A89.html,
321,1/19/2018,Moscow City,Moscow,,6,1,,,1,,,,,,,,,,1,The Other Russia,,,http://namarsh.ru/materials/5A6744F40FED9.html,
322,1/24/2018,Moscow City,Moscow,,,1,,,,,1,,,,,,,,,,,,http://namarsh.ru/materials/5A6837693200A.html,
324,1/27/2018,Sverdlovsk,Yekaterinburg,15,,1,,,,,,1,,,,,,,,,,,http://namarsh.ru/materials/5A6DC3B486C4B.html,
325,1/28/2018,Novosibirsk,Novosibirsk,"1,500",,2,,,1,,,,,,,,,,,,,,http://namarsh.ru/materials/5A6DC8F4C36A4.html,
326,1/26/2018,Chelyabinsk,Chelyabinsk,400,1,1,,,1,,,,,,,,,,,,,,http://namarsh.ru/materials/5A6DCDF5CDE68.html,
327,1/28/2018,Zabaykalsky Krai,Chita,100,,1,,,1,,,,,,,,,,,,Progress Party,,http://namarsh.ru/materials/5A6DD225324EC.html,
328,1/28/2018,Penza,Penza,150,,1,,,1,,,,,,,,,,,,United Communist Party,,http://namarsh.ru/materials/5A6ED120C7B5F.html,
329,1/27/2018,Samara,Samara,500,4,1,,,,,1,,,,,,,,,,"Communist Party, Left Front",Deputy of the Provincial Duma,http://namarsh.ru/materials/5A6EDF351A37C.html,
331,1/28/2018,Samara,Samara,100,2,1,,,1,,,,,,,,,,,,,,http://namarsh.ru/materials/5A6EDF351A37C.html,
332,1/28/2018,Tyumen,Tyumen,300,,1,,,1,,,,,,,,,,,,,,http://namarsh.ru/materials/5A6EEF21348F0.html,
333,1/28/2018,Kirov,Kirov,200,1,1,,,1,,,,,,,,,,,,,,http://namarsh.ru/materials/5A6F10EE232A9.html,
334,1/28/2018,Kemerovo,Kemerovo,,19,1,,,1,,,,,,,,,,,,,,http://namarsh.ru/materials/5A6F6A618E44E.html,
336,1/31/2018,Moscow City,Moscow,10,,1,,,1,,,,,,,,,,,,Communist Party ,Civil Initiative (Natalya Baranova),http://www.namarsh.ru/materials/5A72C8463449B.html,
338,2/2/2018,Chelyabinsk ,Chelyabinsk,150,,1,,,,,1,,,,,,,,,,,,http://www.namarsh.ru/materials/5A743BFAF081F.html,
342,1/28/2018,Republic of Mordovia,Saransk,,4,2,,,1,,,,,,,,,,,,,,http://www.namarsh.ru/materials/5A7965C059BC3.html,
343,2/6/2018, Zabaykalsky Krai,Chita,2,2,4,,,1,,,,,,,,,,,,,Supporters of Alexey Navalny,http://www.namarsh.ru/materials/5A797BEF7676E.html,
344,2/5/2018,Tuva Republic,Tuva,15,15,8,,,,,1,,,,,,,,,,,,http://www.namarsh.ru/materials/5A79E9EE12A12.html,
345,2/6/2018,Sverdlovsk ,Yekaterinburg,20,,1,,,1,,,,,,,,,,,,,Yekaterinburg Movement Against Violence,http://www.namarsh.ru/materials/5A7ACC3B15470.html,
346,2/8/2018,Novosibirsk ,Novosibirsk,1,1,1,,,1,,,,,,,,,,,,,,http://www.namarsh.ru/materials/5A818117A5252.html,
347,2/12/2018, Zabaykalsky Krai,Chita,1,1,1,,,1,,,,,,,,,,,,,Navalny headquarters volunteer,http://www.namarsh.ru/materials/5A829CC223A67.html,
348,2/10/2018,Moscow City,Moscow,,,2,,,1,,,,,,,,,,,,,Anarchists and antifascists',http://www.namarsh.ru/materials/5A83171C7CCEC.html,
349,2/12/2018,Krasnoyarsk Krai,Krasnoyarsk,100,1,1,,,,,,,,1,,,,,,,,,http://www.namarsh.ru/materials/5A853FC6B0858.html,
350,2/15/2018,Sverdlovsk ,Yekaterinburg,2,,1,,,,,,,1,,,,,,,,,,http://www.namarsh.ru/materials/5A858D561C267.html,
351,1/28/2018,Republic of Mordovia,Saransk,,,2,,,1,,,,,,,,,,,,,,http://www.namarsh.ru/materials/5A8592E2F3C9C.html,http://www.namarsh.ru/materials/5A7965C059BC3.html
352,2/17/2018,Samara,Samara,100,,1,,,,,1,,,,,,,,1,Communist Party,,,http://www.namarsh.ru/materials/5A8A7F9E395A8.html,
353,2/18/2018,Moscow City,Moscow,200,,1,,,,,1,,,,,,,,,,,,http://www.namarsh.ru/materials/5A8A972C2656C.html,
354,2/20/2018,Kurgan,Kurgan ,,,1,,,,,1,,,,,,,,,,,,http://www.namarsh.ru/materials/5A8C04D0154BB.html,
355,2/24/2018,Perm ,Uinskoe,,1,1,,,,,1,,,,,,,,,,,,http://www.namarsh.ru/materials/5A927B450655E.html,
356,2/25/2018,Moscow City,Moscow,"7,600",3,2,,,1,,,,,,,,,,,,,Committee of the Nation and Freedom,http://www.namarsh.ru/materials/5A92A1058E05E.html,http://www.namarsh.ru/materials/5A92CB4C0510C.html
357,2/25/2018,Novosibirsk,Novosibirsk ,130,,2,,,1,,,,,,,,,,1,Yabloko,,,http://www.namarsh.ru/materials/5A93BA6698B43.html,
358,2/23/2018,Penza,Penza,100,,1,,,1,,,,,,,,,,,,Left Front,Supporters of Pavel Grudinin,http://www.namarsh.ru/materials/5A93BE9EDD3AC.html,
359,2/26/2018,Sverdlovsk ,Yekaterinburg,,,1,,,1,,,,,,,,,,,,,Yekaterinburg - for Freedom,http://www.namarsh.ru/materials/5A93FADAB0700.html,
360,2/27/2018,Sverdlovsk ,Yekaterinburg,,1,1,,,1,,,,,,,,,,,,,,http://www.namarsh.ru/materials/5A953E10BB960.html,
361,3/2/2018,Chelyabinsk,Chelyabinsk,,,1,,,,1,,,,,,,,,,,,,http://www.namarsh.ru/materials/5A993DD559E7F.html,
362,3/6/2018,Sverdlovsk ,Yekaterinburg,1,1,1,,,1,,,,,,,,,,,,,,http://www.namarsh.ru/materials/5A9EE28949FE2.html,
363,3/7/2018,Krasnodar Krai,Bessonovka,1,,1,,,1,,,,,,,,,,,,,,http://www.namarsh.ru/materials/5A9F99799DE3F.html,
364,3/6/2018,Moscow,Moscow,,,8,,,,,1,,,,,,,,,,,,http://www.namarsh.ru/materials/5A9FBBA2A1F77.html,
365,3/10/2018, Zabaykalsky Krai,Antipikha,100,2,1,,,,,1,,,,,,,,,,,,http://www.namarsh.ru/materials/5AA6357B87AA5.html,
366,3/11/2018,Penza,Penza,150,,1,,,1,,1,,,,,,,,,,Left Front,Homeless Regiment ,http://www.namarsh.ru/materials/5AA63A17E1FEF.html,
367,3/12/2018,Moscow City,Moscow,,7,1,,,1,,,,,,,,,,,,,,http://www.namarsh.ru/materials/5AA6CBCEA5010.html,
368,3/12/2018,Sverdlovsk ,Yekaterinburg,100,,1,,,,,1,,,,,,,,,,,,http://www.namarsh.ru/materials/5AA793DAD3C8E.html,
369,2/25/2018,Volga Federa,Nizhny Novgorod,,,2,,,1,,,,,,,,,,,,,,http://www.namarsh.ru/materials/5AA8EE10BDE12.html,
370,3/16/2018,Moscow City,Moscow,1,1,1,,,1,,,,,,,,,,,,,,http://www.namarsh.ru/materials/5AACE55D804C2.html,
371,3/19/2018,St Petersburg,St Petersburg,,5,7,,,1,,,,,,,,,,,,,National Resistance Association and the National Revolutionary Avant garde,http://www.namarsh.ru/materials/5AAF50B1E10F4.html,
372,3/24/2018,Novosibirsk,Novosibirsk,20,,1,,,1,,,,,,,,,,,,,,http://www.namarsh.ru/materials/5AB6081CE92BF.html,
373,3/24/2018,Moscow,Volokolamsk,"2,000",,1,,,,,,,,1,,,,,,,,,http://www.namarsh.ru/materials/5AB64A8CAF74F.html,
374,3/27/2018,Moscow City,Moscow,1,1,10,,,1,,,,,,,,,,,,,,http://www.namarsh.ru/materials/5ABA2F07AA1D3.html,
375,3/27/2018,Udmurtia,Izhevsk,,,1,,,1,,,,,,,,,,,,,,http://www.namarsh.ru/materials/5ABA8FF8A1EE1.html,
376,3/27/2018,Kirov,Kirov,,,1,,,,,1,,,,,,,,,,,,http://www.namarsh.ru/materials/5ABB488C6966D.html,
377,3/25/2018,Moscow,Kolomna,,3,,,4,,,,,,1,,,,,,,,,http://www.namarsh.ru/materials/5ABBA2FE25181.html,
378,3/31/2018,Moscow,Stepanshchino,,,7,,,,,,,,1,,,,,,,,,http://www.namarsh.ru/materials/5ABF4E7AAB27C.html,
379,3/31/2018,Samara,Samara,30,,1,,,1,,,,,,,,,,,,,Navalny Supporters,http://www.namarsh.ru/materials/5AC1E7BDCB5C0.html,
380,3/31/2018,Samara,Samara,15,,1,,,1,,,,,,,,,,,,,Civil Initiative,http://www.namarsh.ru/materials/5AC1E7BDCB5C0.html,
381,4/1/2018,Moscow,Volokolamsk,,3,1,,,,,,,,1,,,,,,,,,http://www.namarsh.ru/materials/5AC2422D54AA6.html,
382,4/2/2018,Sverdlovsk,Yekaterinburg,"10,000",,1,,,1,,,,,,,,,,,,,,http://www.namarsh.ru/materials/5AC3378000296.html,
384,4/4/2018,Chelyabinsk,Chelyabinsk,100,,1,,,,,1,,,,,,,,,,,,http://www.namarsh.ru/materials/5AC492F74B7F0.html,
385,4/7/2018,Kaliningrad,Kaliningrad,100,,1,,,1,,,,,,,,,,,,Communist Party,"Patriots of Russia,  Union of Gardeners",http://www.namarsh.ru/materials/5ACB213CDA2F5.html,
386,4/9/2018,Chelyabinsk,Chelyabinsk,4,,5,,4,,,1,,,,,,,,,,,,http://www.namarsh.ru/materials/5ACB28D34BF44.html,
387,4/10/2018,Moscow City,Moscow,,,5,,20,,,1,,,,,,,,,,,,http://www.namarsh.ru/materials/5ACC85637A930.html,
388,4/10/2018,Samara,Timofeevka,,,1,,2,,,,,,1,,,,,,,,,http://www.namarsh.ru/materials/5ACF0BD293726.html,
389,4/14/2018,Moscow,Volokolamsk,,5,10,,,,,,,,1,,,,,,,Left Front,,http://www.namarsh.ru/materials/5AD328AB7DE04.html,
390,4/15/2018,Moscow,Voloklamsk,,8,7,,,,,,,,1,,,,,,,,,http://www.namarsh.ru/materials/5AD358A218FB2.html,
391,4/14/2018,Samara,Samara,35,,1,,,,,,,1,,,,,,,,,Animal Protectors Alliance,http://www.namarsh.ru/materials/5AD442DA00E0B.html,
392,4/16/2018,Moscow City,Moscow,,12,1,,,1,,,,,,,,,,,,,,http://www.namarsh.ru/materials/5AD4BF3B2EE14.html,
393,4/20/2018,Krasnoyarsk Krai,Krasnoyarsk,,,1,,,,1,,,,,,,,,,,,,http://www.namarsh.ru/materials/5AD9DFFA3F26F.html,
394,4/9/2018,Krasnoyarsk Krai,Krasnoyarsk,,,7,,,,1,,,,,,,,,,,,,http://www.namarsh.ru/materials/5AD9DFFA3F26F.html,
395,4/19/2018,Krasnoyarsk Krai,Krasnoyarsk,3,,5,,,,1,,,,,,,,,,,,,http://www.namarsh.ru/materials/5AD9DFFA3F26F.html,
396,4/22/2018,Penza,Penza,200,,1,,,,,1,,,,,,,,,,,Homeless Regiment,http://www.namarsh.ru/materials/5ADD8BC817432.html,
397,4/22/2018,Novosibirsk,Novosibirsk,100,,1,,,1,,,,,,,,,,,,,,http://www.namarsh.ru/materials/5ADD926277F26.html,
398,4/22/2018,Krasnodar Krai,Penza,,,1,,,1,,,,,,,,,,,,,New Generation,http://www.namarsh.ru/materials/5ADD98A0BB282.html,
399,4/21/2018,Tyumen,Tyumen,,,1,,,,,1,,,,,,,,,,,,http://www.namarsh.ru/materials/5ADDAD50E35F8.html,
400,4/24/2018,Moscow,Podolsk,,4,3,,,,1,,,,,,,,,,,,,http://www.namarsh.ru/materials/5ADF3FDFD0D4C.html,
403,4/29/2018,Yaroslavl,Yaroslavl,500,,1,,,,,,,,1,,,,,,,,,http://www.namarsh.ru/materials/5AE5DEBA96BF8.html,
404,5/1/2018,Moscow City,Moscow,,25,2,,,1,,,,,,,,,,,,,,http://www.namarsh.ru/materials/5AE83B1F875F7.html,http://www.namarsh.ru/materials/5AE866992E458.html
405,5/1/2018,St Petersburg,St Petersburg ,,10,1,,,1,,,,,,,,,,,,,,http://www.namarsh.ru/materials/5AE842D3A6EBF.html,http://www.namarsh.ru/materials/5AE87768E987B.html
406,5/1/2018,Novosibirsk,Novosibirsk,"4,000",,2,,,1,,,,,,,,,,,,,,http://www.namarsh.ru/materials/5AE84A9853381.html,
407,5/1/2018,Yarolslavl,Yaroslavl,,,2,,,1,,,,,,,,,,,,,,http://www.namarsh.ru/materials/5AE84A9853381.html,
408,5/1/2018,St Petersburg,St Petersburg ,"1,500",1,1,,,1,,,,,,,,,,,,"Yabloko, SRs",Open Russia,http://www.namarsh.ru/materials/5AE87768E987B.html,
409,4/30/2018,Moscow City,Moscow,"12,300",,1,,,1,,,,,,,,,,,,,,http://www.namarsh.ru/materials/5AE87768E987B.html,
410,5/1/2018,Samara,Samara,500,,1,,,1,,,,,,,,,,1,Communist Party,,,http://www.namarsh.ru/materials/5AEABE7311432.html,
411,5/2/2018,Voronezh,Voronezh,,,1,,,1,,,,,,,,,,,,,,http://www.namarsh.ru/materials/5AEAC6D594038.html,
412,5/5/2018,Penza,Penza,,,1,,,1,,,,,,,,,,,,,,http://www.namarsh.ru/materials/5AEC55D8003B1.html,http://www.namarsh.ru/materials/5AED9147CBDF1.html
413,5/5/2018,Primorsky Krai,Vladivostok,,,1,,,1,,,,,,,,,,,,,,http://www.namarsh.ru/materials/5AED69F762E10.html,He is not a tsar to us' 
414,5/5/2018,Khabarovsk Krai,Khabarovsk,,,1,,,1,,,,,,,,,,,,,,http://www.namarsh.ru/materials/5AED69F762E10.html,He is not a tsar to us' 
415,5/5/2018,Khabarovsk Krai,Komsomolsk-on-Amur,,,1,,,1,,,,,,,,,,,,,,http://www.namarsh.ru/materials/5AED69F762E10.html,He is not a tsar to us' 
416,5/5/2018,Sakhalin,Yuzhno-Sakhalinsk,,,1,,,1,,,,,,,,,,,,,,http://www.namarsh.ru/materials/5AED69F762E10.html,He is not a tsar to us' 
417,5/5/2018,Magadan,Magadan ,,,1,,,1,,,,,,,,,,,,,,http://www.namarsh.ru/materials/5AED69F762E10.html,He is not a tsar to us' 
418,5/6/2018,Irkutsk,Irkutsk,,,1,,,1,,,,,,,,,,,,,,http://www.namarsh.ru/materials/5AED69F762E10.html,He is not a tsar to us' 
419,5/5/2018, Moscow City , Moscow ,, >500 ,1,,,1,,,,,,,,,,,,,, http://www.namarsh.ru/materials/5AED9147CBDF1.html ,He is not a tsar to us' 
420,5/5/2018,Kemerovo ,Novokuznetsk ,,20,1,,,1,,,,,,,,,,,,,,http://www.namarsh.ru/materials/5AED8BB5BB866.html,He is not a tsar to us' 
421,5/5/2018,Moscow City,Moscow,,>500,1,,,1,,,,,,,,,,,,,,http://www.namarsh.ru/materials/5AED9147CBDF1.html,He is not a tsar to us' 
422,5/5/2018,Moscow City,Moscow,,,1,,,1,,,,,,,,,,,,,,http://www.namarsh.ru/materials/5AED96E457AC9.html,http://www.namarsh.ru/materials/5AED9147CBDF1.html
423,5/5/2018,Penza,Penza,100,,2,,,1,,,,,,,,,,,,,,http://www.namarsh.ru/materials/5AED9EF4CCEDB.html,He is not a tsar to us' 
424,5/5/2018,St Petersburg,St Petersburg,"1,000",112,2,,,1,,,,,,,,,,,,,,http://www.namarsh.ru/materials/5AEDA3B74EF95.html,He is not a tsar to us' 
425,5/5/2018,Chelyabinsk,Chelyabinsk,,163,1,,,1,,,,,,,,,,,,,,http://www.namarsh.ru/materials/5AEDAFDB0E1A4.html,He is not a tsar to us' 
426,5/5/2018,Saratov ,Saratov,,1,2,,,1,,,,,,,,,,,,,,http://www.namarsh.ru/materials/5AEDB6D61EC1E.html,He is not a tsar to us' 
427,5/5/2018,Samara,Tolyatti,,63,1,,,1,,,,,,,,,,,,,,http://www.namarsh.ru/materials/5AEDB6D61EC1E.html,He is not a tsar to us' 
428,5/5/2018,Sverdlovsk,Yekateringurg,"5,000",1,2,,,1,,,,,,,,,,,,,,http://www.namarsh.ru/materials/5AEDBB6DAAD09.html,He is not a tsar to us' 
429,5/5/2018,Sakha Republic,Yakutsk,,75,1,,,1,,,,,,,,,,,,,,http://www.namarsh.ru/materials/5AEDBEFA5442F.html,He is not a tsar to us'
430,5/5/2018,Krasnodar Krai,Krasnodar,,49,1,,,1,,,,,,,,,,,,,,http://www.namarsh.ru/materials/5AEDBEFA5442F.html,He is not a tsar to us'
431,5/5/2018,Krasnoyarsk Krai,Krasnoyarsk,,35,1,,,1,,,,,,,,,,,,,,http://www.namarsh.ru/materials/5AEDBEFA5442F.html,He is not a tsar to us'
432,5/5/2018,Kaluga,Kaluga,,,1,,,1,,,,,,,,,,,,,,http://www.namarsh.ru/materials/5AEDBEFA5442F.html,He is not a tsar to us'
433,5/5/2018,Samara,Samara,,,1,,,1,,,,,,,,,,,,,,http://www.namarsh.ru/materials/5AEDBEFA5442F.html,He is not a tsar to us'
434,5/5/2018,Altai Krai,Barnaul,,,1,,,1,,,,,,,,,,,,,,http://www.namarsh.ru/materials/5AEDBEFA5442F.html,He is not a tsar to us'
435,5/5/2018,Amur ,Blagoveshchensk,,,1,,,1,,,,,,,,,,,,,,http://www.namarsh.ru/materials/5AEDBEFA5442F.html,He is not a tsar to us'
436,5/5/2018,Kurgan,Kurgan,,,1,,,1,,,,,,,,,,,,,,http://www.namarsh.ru/materials/5AEDBEFA5442F.html,He is not a tsar to us'
437,5/5/2018,Tver,Tver,,,1,,,1,,,,,,,,,,,,,,http://www.namarsh.ru/materials/5AEDBEFA5442F.html,He is not a tsar to us'
438,5/5/2018,Voronezh,Voronezh,,,1,,,1,,,,,,,,,,,,,,http://www.namarsh.ru/materials/5AEDBEFA5442F.html,He is not a tsar to us'
439,5/5/2018,Kemerovo,Kemerovo,,,1,,,1,,,,,,,,,,,,,,http://www.namarsh.ru/materials/5AEDBEFA5442F.html,He is not a tsar to us'
440,5/5/2018,Tomsk,Tomsk,,,1,,,1,,,,,,,,,,,,,,http://www.namarsh.ru/materials/5AEDBEFA5442F.html,He is not a tsar to us'
441,5/5/2018,Moscow City,Moscow,,,,,,,,,,,,,,,,,,,,http://www.namarsh.ru/materials/5AEDC86C85E65.html,"http://www.namarsh.ru/materials/5AED9147CBDF1.html, http://www.namarsh.ru/materials/5AEDA3B74EF95.html"
442,5/5/2018,Moscow City,Moscow,,,,,,,,,,,,,,,,,,,,http://www.namarsh.ru/materials/5AEDD2C225C76.html,http://www.namarsh.ru/materials/5AED9147CBDF1.html
443,5/5/2018,Republic of Mordovia,Saransk,150,,1,,,1,,,,,,,,,,,,,,http://www.namarsh.ru/materials/5AEDDD5D34315.html,He is not a tsar to us'
444,5/5/2018,Moscow City,Moscow,,,1,,,1,,,,,,,,,,,,,,http://www.namarsh.ru/materials/5AEEB09B75EAF.html,http://www.namarsh.ru/materials/5AED9147CBDF1.html
445,5/5/2018,Moscow City,Moscow,,,1,,,1,,,,,,,,,,,,,,http://www.namarsh.ru/materials/5AEEBA1CEE1EA.html,http://www.namarsh.ru/materials/5AED9147CBDF1.html
446,5/5/2018,Moscow City,Moscow,,,1,,,1,,,,,,,,,,,,,,http://www.namarsh.ru/materials/5AEEC0D04D832.html,http://www.namarsh.ru/materials/5AED9147CBDF1.html
447,5/5/2018,Moscow City,Moscow,,,1,,,1,,,,,,,,,,,,,,http://www.namarsh.ru/materials/5AEECD3A9C35F.html,http://www.namarsh.ru/materials/5AED9147CBDF1.html
448,5/5/2018,St Petersburg,St Petersburg,,,1,,,1,,,,,,,,,,,,,,http://www.namarsh.ru/materials/5AEED12F03338.html,http://www.namarsh.ru/materials/5AED9147CBDF1.html
449,5/5/2018,Moscow City,Moscow,,,1,,,1,,,,,,,,,,,,,,http://www.namarsh.ru/materials/5AEED704991DF.html,http://www.namarsh.ru/materials/5AED9147CBDF1.html
450,5/5/2018,Samara,Samara,,,1,,,1,,,,,,,,,,,,,,http://www.namarsh.ru/materials/5AEEE4D0C48E6.html,http://www.namarsh.ru/materials/5AEDBEFA5442F.html
451,5/5/2018,St Petersburg,St Petersbrg,,,1,,,1,,,,,,,,,,,,,,http://www.namarsh.ru/materials/5AEF0A2F0A69C.html,http://www.namarsh.ru/materials/5AEDA3B74EF95.html
452,5/5/2018,Moscow City,Moscow,,,1,,,1,,,,,,,,,,,,,,http://www.namarsh.ru/materials/5AEF0EAF48AE4.html,http://www.namarsh.ru/materials/5AED9147CBDF1.html
453,5/6/2018,Moscow City,Moscow,"1,000",5,1,,,1,,,,,,,,,,1,Left Front,Communist Party,,http://www.namarsh.ru/materials/5AEF16B7856C3.html,
454,5/5/2018,St Petersburg,St Petersburg,,,1,,,1,,,,,,,,,,,,,,http://www.namarsh.ru/materials/5AEFF542F3770.html,http://www.namarsh.ru/materials/5AEDA3B74EF95.html
455,5/5/2018,Kirov,Kirov,200,,1,,,1,,,,,,,,,,,,,,http://www.namarsh.ru/materials/5AF01E741F30F.html,He is not a tsar to us'
456,5/6/2018,Kirov,Kirov,,,1,,,1,,,,,,,,,,,,,Open Russia,http://www.namarsh.ru/materials/5AF01E741F30F.html,
457,5/5/2018,Moscow City,Moscow,,,1,,,1,,,,,,,,,,,,,,http://www.namarsh.ru/materials/5AF03AAC2B762.html,http://www.namarsh.ru/materials/5AEF16B7856C3.html
458,5/5/2018,Kaluga,Kaluga,,,,,,,,,,,,,,,,,,,,http://www.namarsh.ru/materials/5AF197F933D76.html,http://www.namarsh.ru/materials/5AEDBEFA5442F.html
459,5/5/2018,Tyumen,Tyumen,500,,1,,,1,,,,,,,,,,,,,,http://www.namarsh.ru/materials/5AF19E9E0F7D4.html,He is not a tsar to us'
460,5/10/2018,Moscow,Klimovsk,,,1,,,,1,,,,,,,,,,,,,http://www.namarsh.ru/materials/5AF4070F5D32B.html,
461,5/10/2018,Novosibirsk,Novosibirsk,,,1,,,,,1,,,,,,,,,,,,http://www.namarsh.ru/materials/5AF59479AEC1F.html,
463,5/5/2018,Moscow City,Moscow,,20,1,,,1,,,,,,,,,,,,,,http://www.namarsh.ru/materials/5AF82EB34C926.html,http://www.namarsh.ru/materials/5AF84BE085A50.html
464,5/13/2018,Moscow City,Moscow,"2,400",20,1,,,1,,,,,,,,,,1,Parnas,,"Black Bloc,  Nation and Freedom Committee, National Resistance Association",http://www.namarsh.ru/materials/5AF84BE085A50.html,
465,5/13/2018,Kirov ,Kirov,,,1,,,1,,,,,,,,,,,,,Open Russia,http://www.namarsh.ru/materials/5AF941B4AF749.html,
466,5/14/2018,Republic of Buratia,Ulan-Ude,,11,1,,,,,,,,1,,,,,,,,,http://www.namarsh.ru/materials/5AF97E1DEA8C6.html,
467,5/14/2018,Moscow City,Moscow,,,1,,,1,,,,,,,,,,,,,,http://www.namarsh.ru/materials/5AF9B7EA78A1A.html,http://www.namarsh.ru/materials/5AF84BE085A50.html
468,5/5/2018,Samara,Samara,,,1,,,1,,,,,,,,,,,,,,http://www.namarsh.ru/materials/5AFD34A3721EF.html,http://www.namarsh.ru/materials/5AEDBEFA5442F.html
469,5/5/2018,Krasnoyarsk,Krasnoyarsk,,,1,,,1,,,,,,,,,,,,,,http://www.namarsh.ru/materials/5AFD74433BF63.html,http://www.namarsh.ru/materials/5AEDBEFA5442F.html
470,5/17/2018,Altai Krai,Barnaul,,,1,,,,,1,,,,,,,,,,,,http://www.namarsh.ru/materials/5AFEB880DB3DE.html,
471,5/23/2018,Moscow City,Moscow,1,1,1,,,,,,,1,,,,,,,,,,http://www.namarsh.ru/materials/5B05608BF0676.html,
472,5/24/2018,St Petersburg,St Petersburg,,3,1,,,1,,,,,,,,,,,,,Navalny supporters,http://www.namarsh.ru/materials/5B0A867174B59.html,
473,5/27/2018,Moscow,Putilkovo,,1,1,,,,,,1,,,,,,,,,,,http://www.namarsh.ru/materials/5B0AA63DDFE22.html,
474,5/27/2018,Moscow,Moscow,1,1,1,,,1,,,,,,,,,,,,,Supporter of Sentsov,http://www.namarsh.ru/materials/5B0ABBD9538D1.html,
475,6/1/2018,St Petersburg,St Petersburg,,2,1,,,1,,,,,,,,,,,,,Supporter of Sentsov,http://www.namarsh.ru/materials/5B118BC745996.html,
476,6/2/2018,Moscow City,Moscow,1,1,1,,,1,,,,,,,,,,,,,Supporter of Sentsov,http://www.namarsh.ru/materials/5B13AFE54BC58.html,
477,6/2/2018,St Petersburg,St Petersburg,,,1,,,1,,,,,,,,,,,,,,http://www.namarsh.ru/materials/5B15548B49199.html,
478,5/5/2018,St Petersburg,St Petersburg,,1,1,,,1,,,,,,,,,,,,,,http://www.namarsh.ru/materials/5B156BF2C6F45.html,http://www.namarsh.ru/materials/5AEFF542F3770.html
479,6/13/2018,Penza,Penza,,,1,,,,1,,,,,,,,,,,"Left Front, Communist Party",Komsomol ,http://www.namarsh.ru/materials/5B20CC9F3DEA0.html,
480,6/14/2018,Samara,Samara,3,3,1,,,,,1,,,,,,,,,,,Animal Rights,http://www.namarsh.ru/materials/5B23C8554B99A.html,
481,6/6/2018,Novosibirsk,Novosibirsk,,,1,,,,,1,,,,,,,,1,Pensioner's Party,"Left Front, Libertarian Party",,http://www.namarsh.ru/materials/5B24F277BC3F7.html,
482,6/18/2018,Moscow,Volokolamsk,1,,1,,,,,,,,1,,,,,,,,,http://www.namarsh.ru/materials/5B277FF217306.html,
483,6/19/2018,Moscow City,Moscow,,4,1,,,1,,,,,,,,,,,,,Strategy-18,http://www.namarsh.ru/materials/5B2904E0842D7.html,
484,6/20/2018,Novosibirsk,Novosibirsk,15,,1,,,,,1,,,,,,,,1,Yabloko,,,http://www.namarsh.ru/materials/5B2A1EB62974D.html,
485,6/20/2018,Moscow,Moscow,1,1,1,,,1,,,,,,,,,,1,Left Front,,,http://www.namarsh.ru/materials/5B2A76DF3A5EF.html,
486,5/5/2018,Samara,Samara,,,1,,,1,,,,,,,,,,,,,,http://www.namarsh.ru/materials/5B2BAE7E55184.html,http://www.namarsh.ru/materials/5AEDBEFA5442F.html
487,6/22/2018,Moscow,Moscow,,,1,,,,1,,,,,,,,,,,,,http://www.namarsh.ru/materials/5B2CC926602A8.html,
489,5/5/2018,Penza,Penza,,,1,,,1,,,,,,,,,,,,,,http://www.namarsh.ru/materials/5B309FA1B2F03.html,http://www.namarsh.ru/materials/5AED9EF4CCEDB.html
492,6/28/2018,Novosibirsk,Novosibirsk,400,,1,,,,,1,,,,,,,,,,,Federation of Trade Unions of the NSO,http://www.namarsh.ru/materials/5B34E44E99068.html,
493,6/28/2018,Novosibirsk,Novosibirsk,400,,1,,,,,1,,,,,,,,,,,Pensioners for a decent life,http://www.namarsh.ru/materials/5B34E44E99068.html,
494,5/5/2018,Penza,Penza,,,2,,,1,,,,,,,,,,,,,,http://www.namarsh.ru/materials/5B35E5A798A38.html,http://www.namarsh.ru/materials/5AED9EF4CCEDB.html
495,5/5/2018,St Petersburg,St Petersburg,,,1,,,1,,,,,,,,,,,,,,http://www.namarsh.ru/materials/5B360BBD382AA.html,http://www.namarsh.ru/materials/5AEDA3B74EF95.html
496,5/5/2018,Krasnoyarsk Krai,Krasnoyarsk,,1,1,,,1,,,,,,,,,,,,,,http://www.namarsh.ru/materials/5B3613A1B1E08.html,http://www.namarsh.ru/materials/5AEDBEFA5442F.html
497,7/1/2018,Khabarovsk Krai,Komsomolsk-on-Amur ,,,1,,,,,1,,,,,,,,,,,Navalny supporters,http://www.namarsh.ru/materials/5B389DB4D0218.html,
498,7/1/2018,Khabarovsk Krai,Khabarovsk ,,,1,,,,,1,,,,,,,,,,,Navalny supporters,http://www.namarsh.ru/materials/5B389DB4D0218.html,
499,7/1/2018,Omsk,Omsk,"3,000",,1,,,,,1,,,,,,,,1,"Yabloko, Parnas",,Navalny supporters,http://www.namarsh.ru/materials/5B389DB4D0218.html,
500,7/1/2018,Primorsky Krai,Vladivostok,,,1,,,,,1,,,,,,,,,,,Navalny supporters,http://www.namarsh.ru/materials/5B389DB4D0218.html,
501,7/1/2018,Sakha Republic,Yautsk,,,1,,,,,1,,,,,,,,,,,Navalny supporters,http://www.namarsh.ru/materials/5B389DB4D0218.html,
502,7/1/2018,Irkutsk,Irkutsk,,,1,,,,,1,,,,,,,,,,,Navalny supporters,http://www.namarsh.ru/materials/5B38C00EF19FE.html,
503,7/1/2018,Murmansk,Murmansk,,,1,,,,,1,,,,,,,,,,,Navalny supporters,http://www.namarsh.ru/materials/5B38C00EF19FE.html,
504,7/1/2018,Chelyabinsk,Chelyabinsk,"2,000",,1,,,,,1,,,,,,,,,,,Navalny supporters,http://www.namarsh.ru/materials/5B38C00EF19FE.html,
505,7/1/2018,Orenberg,Orenberg,,,2,,,,,1,,,,,,,,,,,Navalny supporters,http://www.namarsh.ru/materials/5B38C00EF19FE.html,
506,7/1/2018,Krasnodar Krai,Krasnodar,,,1,,,,,1,,,,,,,,,,,Navalny supporters,http://www.namarsh.ru/materials/5B38C00EF19FE.html,
507,7/1/2018,Tomsk,Tomsk,,,1,,,,,1,,,,,,,,,,,Navalny supporters,http://www.namarsh.ru/materials/5B38C00EF19FE.html,
508,7/1/2018,Moscow,Moscow,,,1,,,1,,,,,,,,,,,,,,http://www.namarsh.ru/materials/5B38D32F86E2D.html,
509,5/5/2018,Penza,Penza,,1,2,,,1,,,,,,,,,,,,,,http://www.namarsh.ru/materials/5B3C9588D7650.html,http://www.namarsh.ru/materials/5AED9EF4CCEDB.html
511,7/4/2018,Penza,Penza,100,,1,,,,,1,,,,,,,,1,Left Front,"Fair Russia, United Communist Party",,http://www.namarsh.ru/materials/5B3DE078F0192.html,
512,7/5/2018,Chelyabinsk,Chelyabinsk,"3,000",,1,,,,,1,,,,,,,,,,,,http://www.namarsh.ru/materials/5B3F5AA0E5930.html,
514,11/4/2017, Moscow City,Moscow,,,,,,,,,,,,,,,,,,,7x7,http://www.namarsh.ru/materials/5B434B4112481.html,
518,7/16/2018,Chelyabinsk,Chelyabinsk,"3,000",,1,,,,,1,,,,,,,,,,,Fair Russia,http://www.namarsh.ru/materials/5B4C5662340E6.html,
519,7/15/2018,Tyumen,Tobolsk,300,100,10,,,,1,,,,,,,,,,,,,http://www.namarsh.ru/materials/5B4DE68E1A6A4.html,
520,7/17/2018,Novosibirsk,Novosibirsk,750,,1,,,,,1,,,,,,,,,,,Federation of Trade Unions,http://www.namarsh.ru/materials/5B4DFD4676EF9.html,
521,7/17/2018,Penza,Penza,1,,4,,,,,1,,,,,,,,1,Left Front,,,http://www.namarsh.ru/materials/5B4EF3390E97E.html,
522,7/18/2018,St Petersburg,St Petersburg,,14,2,,,,,1,,,,,,,,,,,,http://www.namarsh.ru/materials/5B4F6F1A061AB.html,
524,7/18/2018,Novosibirsk,Novosibirsk,400,,1,,,,,1,,,,,,,,,,,"Organised by right wing groups, http://www.namarsh.ru/materials/5B48BB7DBBD31.html",http://www.namarsh.ru/materials/5B503AF6336C6.html,
525,7/18/2018,Kirov,Kirov,,,1,,,,,1,,,,,,,,,,PARNAS,,http://www.namarsh.ru/materials/5B506DB8ECE95.html,
527,7/17/2018,Penza,Penza,,,4,,,,,1,,,,,,,,1,Left Front,,,http://www.namarsh.ru/materials/5B55AEF1E2EAD.html,http://www.namarsh.ru/materials/5B4EF3390E97E.html
528,7/23/2018,Novosibirsk,Novosibirsk,,,1,,,,,1,,,,,,,,,,,,http://www.namarsh.ru/materials/5B55B8DE71B92.html,
530,7/26/2018,Novosibirsk,Novosibirsk,400,,1,,,,,1,,,,,,,,,,,Left wing groups,http://www.namarsh.ru/materials/5B59D25DB33DA.html,
531,7/27/2018,Yamalo-Nenets Autonomous Okrug ,Novy rengoy,1,,5,,9,,,1,,,,,,,,,,,,http://www.namarsh.ru/materials/5B5B05895BD8D.html,
532,7/28/2018,Moscow City,Moscow,"12,000",,1,,,,,1,,,,,,,,1,Communist Party of the Russian federation,"Left Front, Peoples Patriotic Union of Russia","Socialist Alternative movement, Russian Socialist movement",http://www.namarsh.ru/materials/5B5C52A8AE50B.html,
533,7/28/2018,Primorsky Krai,Vladivostok,,2,1,,,,,1,,,,,,,,1,Communist Party of the Russian Federation ,,,http://www.namarsh.ru/materials/5B5C62B2DC32E.html,
534,7/28/2018,Kamchatka Krai,Kamchatka,600,,1,,,,,1,,,,,,,,,,,,http://www.namarsh.ru/materials/5B5C7570EBF4A.html,
535,7/28/2018,Altai Krai,Barnaul,1800,,1,,,,,1,,,,,,,,,,,,http://www.namarsh.ru/materials/5B5C7570EBF4A.html,
536,7/28/2018,Novosibirsk,Novosibirsk,2000,,1,,,,,1,,,,,,,,,,,,http://www.namarsh.ru/materials/5B5C7570EBF4A.html,
537,7/28/2018,Khabarovsk Krai,Khabarovsk,1000,,1,,,,,1,,,,,,,,,,,,http://www.namarsh.ru/materials/5B5C7570EBF4A.html,
538,7/28/2018,Krasnoyarsk Krai,Krasnoyarsk,"1,000",,1,,,,,1,,,,,,,,,,,,http://www.namarsh.ru/materials/5B5C7570EBF4A.html,
539,7/28/2018,Omsk,Omsk,2000,,1,,,,,1,,,,,,,,,,,,http://www.namarsh.ru/materials/5B5C7570EBF4A.html,
540,7/28/2018,Chelyabinsk ,Chelyabinsk,,,1,,,,,1,,,,,,,,,,,,http://www.namarsh.ru/materials/5B5C7570EBF4A.html,
541,7/28/2018,Tyumen,Ishim,,,1,,,,,1,,,,,,,,,,,,http://www.namarsh.ru/materials/5B5C7570EBF4A.html,
542,7/28/2018,Kurgan  ,Kurgan,,,1,,,,,1,,,,,,,,,,,,http://www.namarsh.ru/materials/5B5C7570EBF4A.html,
543,7/27/2018,Sverdlovsk,Yekaterinburg,,,1,,,,,1,,,,,,,,,,,Coordinating council of the union of workers,http://www.namarsh.ru/materials/5B5C7570EBF4A.html,
544,7/28/2018,Pskov,Pskov,,,1,,,,,1,,,,,,,,,,,,http://www.namarsh.ru/materials/5B5C7570EBF4A.html,
545,7/28/2018,Kaliningrad ,Kaliningrad,,,1,,,,,1,,,,,,,,,,,,http://www.namarsh.ru/materials/5B5C7570EBF4A.html,
546,7/28/2018, Novgorod ,Veliky Novgorod,,,1,,,,,1,,,,,,,,,,,,http://www.namarsh.ru/materials/5B5C7570EBF4A.html,
547,7/28/2018,Republic of Karelia,Petrozavodsk,,,1,,,,,1,,,,,,,,,,,,http://www.namarsh.ru/materials/5B5C7570EBF4A.html,
548,7/28/2018,St Petersburg,St Petersburg,"3,000",,1,,,,,1,,,,,,,,,,"Communist Party of the Russian Federation,  Left Front, the Rotfront,  RSD, The Other Russia",Open Russia,http://www.namarsh.ru/materials/5B5C7570EBF4A.html,
549,7/20/2018,Krasnodar Krai,Krasnodar,1,1,1,,,1,,,,,,,,,,,,,Open Russia,http://www.namarsh.ru/materials/5B6060C3D7544.html,
550,7/31/2018,Moscow City,Moscow,1,1,1,,,1,,,,,,,,,,,,,,http://www.namarsh.ru/materials/5B609B1868EE7.html,
551,8/4/2018,St Petersburg,St Petrsburg,,20,1,,,,,1,,,,,,,,,,,,http://www.namarsh.ru/materials/5B6AAE16ECE1B.html,
552,8/12/2018,Samara,Samara,"7,000",,1,,,,,1,,,,,,,,,,"Communist Party of the Russian Federation,  Liberal Democratic Party,  Yabloko, Fair Russia","Civil Initiative,  Federation of Independent Trade Unions",http://www.namarsh.ru/materials/5B71383B88107.html,
553,8/13/2018, Republic of Mordovia,Saransk,1,,1,,,1,,,,,,,,,,,,,,http://www.namarsh.ru/materials/5B7142EE719E6.html,
554,8/13/2018,Penza,Penza,,,1,,,1,,,,,,,,,,,,,Open Russia,http://www.namarsh.ru/materials/5B728A119ACAD.html,
555,8/14/2018,Altai Krai,Barnaul,200,,1,,,1,,,,,,,,,,,,,,http://www.namarsh.ru/materials/5B72EB9648856.html,
556,8/15/2018,St Petersburg,St Petersburg,40,,2,,,,,,,1,,,,,,,,,March of Mothers ,http://www.namarsh.ru/materials/5B745757E4F0F.html,
557,8/15/2018,Moscow City,Moscow,"1,000",,2,,,,,,,1,,,,,,,,,March of Mothers ,http://www.namarsh.ru/materials/5B74641D30643.html,
559,8/17/2019,Moscow City,Moscow,5,,5,,,,1,,,,,,,,,,,,Union of Trade Unions of Russia,http://www.namarsh.ru/materials/5B76BA5B527E0.html,
561,8/19/2018,Penza,Penza,50,,1,,,,,1,,,,,,,,,,,,http://www.namarsh.ru/materials/5B7A7494C4A96.html,
562,8/18/2018,Samara,Samara,"1,000",,1,,,,,1,,,,,,,,1,"Liberal Democratic Party, Communist Party of the Russian Federation",,"Civil Initiative, Strike movement",http://www.namarsh.ru/materials/5B7AAE621F1FD.html,
563,8/20/2018,Penza,Penza,20,,1,,,,,1,,,,,,,,,,,Komsomol,http://www.namarsh.ru/materials/5B7BC553D9894.html,
564,7/20/2018,Tyumen,Tyumen,,,1,,,,,1,,,,,,,,1,Russian Communist Workers' Party (RKRP),,,http://www.namarsh.ru/materials/5B7BD74055737.html,
565,7/29/2018,Tyumen,Tyumen,,,1,,,,,1,,,,,,,,,,,,http://www.namarsh.ru/materials/5B7BD74055737.html,
566,7/3/2018,Tyumen,Tyumen,,,1,,,,,1,,,,,,,,,,,,http://www.namarsh.ru/materials/5B7BD74055737.html,
567,8/24/2018,Sverdlovsk,Yekaterinburg,,,2,,,,,1,,,,,,,,1,Communist Party of the Russian Federation ,,,http://www.namarsh.ru/materials/5B7FCD7D5EB60.html,
568,8/19/2018,Kemerova,Rassvet,1,,10,,,,1,,,,,,,,,,,,,http://www.namarsh.ru/materials/5B7FEE0D8A6C6.html,
569,8/25/2018,Moscow City,Moscow,50,3,1,,,1,,,,,,,,,,,,,,http://www.namarsh.ru/materials/5B812E2DDC9F5.html,
570,8/25/2018,Novosibirsk,Novosibirsk,200,,1,,,,,1,,,,,,,,,,,,http://www.namarsh.ru/materials/5B824B02E4ED8.html,
571,8/26/2018,Penza,Penza,20,,1,,,1,,,,,,,,,,,,,"Time, Open Russia, Generation of the New Time",http://www.namarsh.ru/materials/5B83B623A960B.html,
572,8/27/2018,Penza,Penza,,,1,,,,,,,1,,,,,,,,,"Generation of the New Time, Open Russia",http://www.namarsh.ru/materials/5B850372BF532.html,
573,8/31/2018,Moscow City,Moscow,,7,1,,,1,,,,,,,,,,1,The Other Russia,,,http://www.namarsh.ru/materials/5B89628FEF03E.html,
574,9/2/2018,Moscow City,Moscow,"8,900",,1,,,,,1,,,,,,,,1,Communist Party of the Russian Federation,,,http://www.namarsh.ru/materials/5B8BCB6699DF3.html,
575,9/2/2018,Omsk,Omsk,,,1,,,,,1,,,,,,,,1,Communist Party of the Russian Federation,,,http://www.namarsh.ru/materials/5B8BCB6699DF3.html,
576,9/2/2018,Novosibirsk,Novosibirsk,,,1,,,,,1,,,,,,,,1,Communist Party of the Russian Federation,,,http://www.namarsh.ru/materials/5B8BCB6699DF3.html,
577,9/2/2018,Primorsky Krai,Vladivostok,,,1,,,,,1,,,,,,,,11,Communist Party of the Russian Federation,,,http://www.namarsh.ru/materials/5B8BCB6699DF3.html,
578,9/2/2018,Sverdlovsk,Yekaterinburg,,,1,,,,,1,,,,,,,,1,Communist Party of the Russian Federation,,,http://www.namarsh.ru/materials/5B8BCB6699DF3.html,
579,9/2/2018,Lipetsk,Lipetsk,,,1,,,,,1,,,,,,,,1,Communist Party of the Russian Federation,,,http://www.namarsh.ru/materials/5B8BCB6699DF3.html,
580,9/2/2018,Altai Krai,Barnaul,,,1,,,,,1,,,,,,,,1,Communist Party of the Russian Federation,,,http://www.namarsh.ru/materials/5B8BCB6699DF3.html,
581,9/2/2018,Bryansk,Bryansk,,,1,,,,,1,,,,,,,,1,Communist Party of the Russian Federation,,,http://www.namarsh.ru/materials/5B8BCB6699DF3.html,
582,9/2/2018,Rostov,Rostov-on-Don,,,1,,,,,1,,,,,,,,1,Communist Party of the Russian Federation,,,http://www.namarsh.ru/materials/5B8BCB6699DF3.html,
583,9/2/2018,Samara,Samara,"8,000",,1,,,,,1,,,,,,,,,,"Civil Initiative, Strike, Left Front, Mikhail Matveyev bloc, Communist Party, Yabloko, Fair Russia",,http://www.namarsh.ru/materials/5B8D1314229E1.html,
584,9/2/2018,Samara,Samara,500,,1,,,,,1,,,,,,,,1,Communist Party of the Russian Federation,,,http://www.namarsh.ru/materials/5B8D1314229E1.html,
585,9/2/2018,Chelyabinsk,Chelyabinsk,"1,500",,1,,,,,1,,,,,,,,1,Communist Party of the Russian Federation,,,http://www.namarsh.ru/materials/5B8D179629E05.html,
586,9/2/2018,Moscow,Troitsk,,,1,,,,,1,,,,,,,,,,,,http://www.namarsh.ru/materials/5B8D179629E05.html,
587,9/2/2018,Chelyabinsk,Korkino,,,1,,,,,1,,,,,,,,,,,,http://www.namarsh.ru/materials/5B8D179629E05.html,
588,9/2/2018,Chelyabinsk,Snezhinsk,,,1,,,,,1,,,,,,,,,,,,http://www.namarsh.ru/materials/5B8D179629E05.html,
589,9/2/2018,Chelyabinsk,Verkhneuralsk ,,,1,,,,,1,,,,,,,,,,,,http://www.namarsh.ru/materials/5B8D179629E05.html,
590,9/2/2018,Chelyabinsk,Kartaly,,,1,,,,,1,,,,,,,,,,,,http://www.namarsh.ru/materials/5B8D179629E05.html,
592,9/3/2018,Tyumen,Tyumen,,,1,,,1,,,,,,,,,,,,,Vremya,http://www.namarsh.ru/materials/5B8D33FD8156A.html,
593,8/31/2018,Moscow City,Moscow,,1,1,,,1,,,,,,,,,,,,,,http://www.namarsh.ru/materials/5B8EC08A9A949.html,http://www.namarsh.ru/materials/5B89628FEF03E.html
594,9/15/2017,Rostov,Gukovo,,,1,,,,1,,,,,,,,,,,,Court dropped fines for protest,http://www.namarsh.ru/materials/5B8FD4CC762DD.html,
597,9/5/2018,Sverdlovsk,Nizhny Tagil,,,1,,,,,1,,,,,,,,,,,Tagil for Change,http://www.namarsh.ru/materials/5B910C71576DF.html,
600,9/9/2018,St Petersburg,St Petersburg,,452,1,,,,,1,,,,,,,,,,,Navalny supporters,http://www.namarsh.ru/materials/5B9604205C3FE.html,
603,9/9/2018,Omsk,Omsk,,43,1,,,,,1,,,,,,,,,,,Navalny supporters,http://www.namarsh.ru/materials/5B9604205C3FE.html,
604,9/9/2018,Moscow City,Moscow,,43,1,,,,,1,,,,,,,,,,,Navalny supporters,http://www.namarsh.ru/materials/5B9604205C3FE.html,
605,9/9/2018,St Peterburg,St Petersburg,,,1,,,,,1,,,,,,,,,,,,http://www.namarsh.ru/materials/5B961126E8183.html,http://www.namarsh.ru/materials/5B9604205C3FE.html
606,9/9/2018,Novosibirsk,Novosibirsk,"1,500",1,1,,,,,1,,,,,,,,,,,Navalny supporters,http://www.namarsh.ru/materials/5B961C69E1C0D.html,
608,9/8/2018,Samara,Samara,"1,000",,1,,,,,1,,,,,,,,,,,,http://www.namarsh.ru/materials/5B962A9E73C05.html,
609,9/9/2018,Samara,Samara,,,2,,,,,1,,,,,,,,,,,Navalny's headquarters,http://www.namarsh.ru/materials/5B962A9E73C05.html,
610,9/9/2018,Samara,Samara,500,,1,,,,,1,,,,,,,,,,,,http://www.namarsh.ru/materials/5B962A9E73C05.html,
611,9/9/2018,Moscow City,Moscow,,,1,,,,,1,,,,,,,,,,,,http://www.namarsh.ru/materials/5B963001DA4FE.html,http://www.namarsh.ru/materials/5B9604205C3FE.html
612,9/9/2018,Chelyabinsk,Chelyabinsk,600,21,1,,,,,1,,,,,,,,,,,Open Russia,http://www.namarsh.ru/materials/5B9630D9B44CB.html,http://www.namarsh.ru/materials/5B90DD950E0E8.html
613,9/9/2018,Sverdlovsk,Yekaterinburg,,,1,,,,,1,,,,,,,,,,,,http://www.namarsh.ru/materials/5B96344FA560B.html,http://www.namarsh.ru/materials/5B9604205C3FE.html
614,9/9/2018,Kirov,Kirov,200,,1,,,,,1,,,,,,,,1,The People's Freedom Party (PARNAS) ,,Open Russia,http://www.namarsh.ru/materials/5B9635678E03D.html,
615,9/10/2018,Moscow City,Moscow,20,14,1,,,,,,,,,,,,,,,,,http://www.namarsh.ru/materials/5B96531000D41.html,
616,9/9/2018,Republic of Mordovia,Saransk,80,5,2,,,,,1,,,,,,,,,,,Navalny's Headquarters,http://www.namarsh.ru/materials/5B96539175D57.html,
617,9/9/2018,St Petersburg,St Petersburg,,,1,,,,,1,,,,,,,,,,,,http://www.namarsh.ru/materials/5B97CF2F0F7D2.html,http://www.namarsh.ru/materials/5B9604205C3FE.html
618,9/9/2018,Moscow City,Moscow,,,1,,,,,1,,,,,,,,,,,,http://www.namarsh.ru/materials/5B97FF55455D5.html,http://www.namarsh.ru/materials/5B9604205C3FE.html
619,9/9/2018,Penza,Penza,,,1,,,,,1,,,,,,,,,,,,http://www.namarsh.ru/materials/5B98AEDF18E55.html,http://www.namarsh.ru/materials/5B9622FDAFD72.html
620,9/9/2018,Sverdlovsk,Yekaterinburg,,5,1,,,,,1,,,,,,,,,,,,http://www.namarsh.ru/materials/5B98EDE230173.html,http://www.namarsh.ru/materials/5B96344FA560B.html
621,9/9/2018,Republic of Mordovia,Saransk,,,1,,,,,1,,,,,,,,,,,,http://www.namarsh.ru/materials/5B9A2487C9B50.html,http://www.namarsh.ru/materials/5B96539175D57.html
622,9/9/2018,Sverdlovsk,Yekaterinburg,,,1,,,,,1,,,,,,,,,,,,http://www.namarsh.ru/materials/5B9A2A4891D35.html,http://www.namarsh.ru/materials/5B96344FA560B.html
623,7/28/2018,Moscow City,Moscow,,,1,,,,,1,,,,,,,,,,,,http://www.namarsh.ru/materials/5B9A742AC64DF.html,http://www.namarsh.ru/materials/5B5C52A8AE50B.html
624,7/9/2018,Moscow City,Moscow,,2,1,,,1,,,,,,,,,,,,,Memorial,http://www.namarsh.ru/materials/5B9A976EEFDC6.html,
625,9/14/2018,St Petersburg,St Petersburg,,11,1,,,,,,,,,,,,,,,,,http://www.namarsh.ru/materials/5B9B4E17CAA4A.html,
626,9/13/2018,Penza,Penza,,,1,,,1,,,,,,,,,,,,,Open Russia,http://www.namarsh.ru/materials/5B9B699F189D2.html,
627,9/9/2018,Penza,Penza,,,1,,,,,1,,,,,,,,,,,,http://www.namarsh.ru/materials/5B9E0AE7B438F.html,http://www.namarsh.ru/materials/5B9622FDAFD72.html
628,9/16/2018,Penza,Penza,1,,1,,,1,,,,,,,,,,,,,,http://www.namarsh.ru/materials/5B9F6547DE26F.html,
629,9/14/2018,Samara,Samara,15,,1,,2,1,,,,,,,,,,,,,Civil Initiative ,http://www.namarsh.ru/materials/5B9F7362084BF.html,
630,9/16/2018,Samara,Bezenchuk ,50,,1,,,,,1,,,,,,,,,,Libertarian Party,"New Position, Navalny supporters",http://www.namarsh.ru/materials/5B9F7362084BF.html,
631,9/17/2018,Primorsky Krai,Vladivostok,,,1,,,1,,,,,,,,,,1,Communist Party of the Russian Federation,,,http://www.namarsh.ru/materials/5B9F8C94A2744.html,
632,9/9/2018,Murmansk,Murmansk,,,1,,,,,1,,,,,,,,,,,,http://www.namarsh.ru/materials/5B9FA238E48E2.html,
633,9/9/2018,Novosibirsk,Novosibirsk,,,1,,,,,1,,,,,,,,,,,,http://www.namarsh.ru/materials/5B9FBA9246D3B.html,http://www.namarsh.ru/materials/5B961C69E1C0D.html
634,9/7/2018,St Petersburg,St Petersburg,,,4,,,,,1,,,,,,,,,,,,http://www.namarsh.ru/materials/5BA1ECD23BAC0.html,
635,9/16/2018,St Petersburg,St Petersburg,,,1,,,,,1,,,,,,,,,,,,http://www.namarsh.ru/materials/5BA1ECD23BAC0.html,
636,9/9/2018,Tyumen,Tyumen,,,1,,,,,1,,,,,,,,,,,,http://www.namarsh.ru/materials/5BA35D35879A2.html,
638,9/22/2018,Moscow City,Moscow,,,1,,,1,,,,,,,,,,,,,,http://www.namarsh.ru/materials/5BA6255950936.html,
639,9/22/2018,Moscow City,Moscow,"3,500",,1,,,,,1,,,,,,,,1,Communist Party,,,http://www.namarsh.ru/materials/5BA63758474E9.html,
640,9/25/2018,Kurgan,Kurgan ,,,1,,9,,,1,, ,,,,,,,,,,http://www.namarsh.ru/materials/5BA9FB80B2EB6.html,
641,1/28/2018,Moscow City,Moscow,,,1,,,1,,,,,,,,,,,,,Navalny Supporters,http://www.namarsh.ru/materials/5BAA3C93E63C6.html,
642,9/26/2018,Moscow City,Moscow,500,,1,,,,,1,,,,,,,,1,Left Front,"Communist Party of the Russian Federation, Fair Russia",,http://www.namarsh.ru/materials/5BAB36275EA75.html,
643,9/9/2018,St Petersburg,St Petersburg,,,1,,,,,1,,,,,,,,,,,,http://www.namarsh.ru/materials/5BACC252F2948.html,http://www.namarsh.ru/materials/5B9604205C3FE.html
644,10/3/2018,Samara,Samara,,,1,,,1,,,,,,,,,,,,,New Position ,http://www.namarsh.ru/materials/5BB5E4003310D.html,
645,9/9/2018,Arkhangelsk,Arkhangelsk,,,1,,,,,1,,,,,,,,,,,,http://www.namarsh.ru/materials/5BB60D80E5199.html,
646,9/9/2018,Kostroma,Kostroma ,,,1,,,,,,,,,,,,,,,,,http://www.namarsh.ru/materials/5BB641498EDAF.html,
647,10/7/2018,St Petersburg,St Petersburg,,4,1,,,1,,,,,,,,,,,,,,http://www.namarsh.ru/materials/5BBA0B023F36E.html,
648,10/10/2018,St Petersburg,St Petersburg,,,1,,,1,,,,,,,,,,,,,Vremya,http://www.namarsh.ru/materials/5BBEF915C8CAD.html,
649,5/5/2018,Tyumen,Tyumen,,,1,,,1,,,,,,,,,,,,,,http://www.namarsh.ru/materials/5BC0646E37354.html,http://www.namarsh.ru/materials/5AF19E9E0F7D4.html
651,10/10/2018,St Petersburg,St Petersburg,,,1,,,1,,,,,,,,,,,,,Vremya,http://www.namarsh.ru/materials/5BC62227B444B.html,http://www.namarsh.ru/materials/5BBEF915C8CAD.html
652,9/9/2018,Republic of Bashkortostan,Ufa,,,1,,,,,1,,,,,,,,,,,,http://www.namarsh.ru/materials/5BC77D0F0ED78.html,
653,10/19/2018,Yaroslavl,Yaroslavl,,2,1,,,,,1,,,,,,,,,,,,http://www.namarsh.ru/materials/5BCA05BDB1B7B.html,
654,10/21/2018,Arkhangelsk,Yarensk,,,1,,,,,,,,1,,,,,,,,Clean Yarensk,http://www.namarsh.ru/materials/5BCD7C91E6F70.html,
655,10/20/2018,Samara,Samara,,,1,,,,,1,,,,,,,,,,Communist Party of the Russian Federation,Civil Initiative,http://www.namarsh.ru/materials/5BCD8B2504047.html,
656,5/5/2018,Moscow City,Moscow,,,,,,,,,,,,,,,,,,,,http://www.namarsh.ru/materials/5BCEB45FAD7B0.html,
658,9/9/2018,Sverdlovsk,Yekaterinburg,,,1,,,1,,1,,,,,,,,,,,,http://www.namarsh.ru/materials/5BCEEF872B8D8.html,http://www.namarsh.ru/materials/5B96344FA560B.html
659,10/25/2018,Novosibirsk,Novosibirsk,50,,1,,,,,1,,,,,,,,,,,,http://www.namarsh.ru/materials/5BD1CE4464B34.html,
660,10/28/2018,St Petersburg,St Petersburg,,,1,,,,,,,1,,,,,,,,,,http://www.namarsh.ru/materials/5BD59518E4E38.html,
661,10/28/2018,Moscow City,Moscow,,18,1,,,,,,,1,,,,,,,,,,http://www.namarsh.ru/materials/5BD6A32945BE8.html,
662,10/28/2018,Rostov,Rostov-on-Don,,1,1,,,,,,,1,,,,,,,,,,http://www.namarsh.ru/materials/5BD6A32945BE8.html,
663,10/28/2018,Penza,Penza,10,,1,,,,,,,1,,,,,,,,,,http://www.namarsh.ru/materials/5BD6BA28DA9F1.html,
664,10/29/2018,Sverdlovsk,Yekaterinburg,100,,1,,,,,1,,,,,,,,,,,,http://www.namarsh.ru/materials/5BD6E1C5A5428.html,
665,10/25/2018,Republic of Tatarstan,Kazan,1,1,4,,,1,,,,,,,,,,,,,Open Russia,http://www.namarsh.ru/materials/5BD8891E68D67.html,
666,10/30/2018,St Petersburg,St Petersburg,,1,1,,,1,,,,,,,,,,,,,"""Immortal GULAG""",http://www.namarsh.ru/materials/5BD893C83A91E.html,
667,10/30/2018,Saratov,Saratov ,,,1,,,1,,,,,,,,,,,,,,http://www.namarsh.ru/materials/5BDABF9FD7357.html,
668,11/4/2018,Moscow City,Moscow,,4,4,,,,,,,,,,,,,,,,,http://www.namarsh.ru/materials/5BDEBA7640791.html,
669,11/4/2018,Moscow City,Moscow,300,4,2,,,1,,,,,,,,,,,,,,http://www.namarsh.ru/materials/5BDEDA4881CB6.html,
670,11/4/2018,Moscow City,Moscow,,,1,,,,,,,,,,,,,1,Great Russia,,,http://www.namarsh.ru/materials/5BDEDA4881CB6.html,
671,11/4/2018,Penza,Penza,,,1,,,1,,,,,,,,,,,,,,http://www.namarsh.ru/materials/5BE147DBE59CA.html,
672,11/7/2018,Penza,Penza,,,1,,,1,,,,,,,,,,,,Communist Party,Generation of the New Time,http://www.namarsh.ru/materials/5BE3EE12E71F5.html,
673,11/13/2018,Novosibirsk,Novosibirsk,6,,1,,,,,1,,,,,,,,,,,,http://www.namarsh.ru/materials/5BEA9EB556A01.html,
674,11/18/2018,Samara,Samara,12,,1,,,1,,,,,,,,,,,,,"New Position, Perpetual Protest",http://www.namarsh.ru/materials/5BF273872EE26.html,
675,11/21/2018,Leningrad ,Vsevolozhsk ,,,3,,5,,1,,,,,,,,,,,,,http://www.namarsh.ru/materials/5BF554B6AE60D.html,
676,11/22/2018,Kurgan,Kurgan ,,,1,,,,,,,1,,,,,,,,,,http://www.namarsh.ru/materials/5BF691F9D7C12.html,
